paragraph_id,topic,paragraph_text,target_vowels,word_count
1,Economic Growth,"Economic growth remains a fundamental objective for developing nations striving to reduce poverty and improve living standards. Governments must adopt comprehensive policies that balance fiscal responsibility with investment in infrastructure and education. Sustained economic progress often depends on stable institutions, transparent governance, and the capacity to adapt to rapidly changing global market conditions and technological disruption.",AH_ɑ|UH_ʌ|AA_æ,56
2,Climate Change,"Climate change poses a significant threat to environmental stability across the globe. Rising temperatures contribute to more frequent natural disasters, altered weather patterns, and loss of biological diversity. Addressing this crisis requires urgent collective action, including the transition to renewable energy sources, adoption of sustainable agricultural practices, and meaningful international cooperation to reduce harmful carbon emissions substantially.",EE_i|IH_ɪ|EH_ɛ,57
3,Higher Education,Higher education institutions play a crucial role in preparing individuals for professional careers and lifelong learning. Universities must continually adapt their curricula to reflect emerging industry demands and technological advances. Research conducted within academic settings drives innovation and contributes significantly to broader societal development. Access to quality education remains an essential factor in achieving greater social equality and upward mobility.,EE_i|UH_ə|UR_ɜ,60
4,Public Health,"Public health policy has undergone substantial transformation in recent decades, shifting from purely reactive approaches to proactive disease prevention strategies. Modern health systems emphasize community education, regular screening programmes, and early intervention to combat chronic conditions. Effective public health infrastructure demands sustained government funding and strong collaboration between medical professionals, researchers, and local community organizations.",UH_ʌ|AA_æ|EH_ɛ,55
5,Technological Innovation,"Technological innovation has fundamentally altered how societies function and communicate. Digital platforms facilitate rapid information exchange, while artificial intelligence transforms industries ranging from healthcare to manufacturing. However, the accelerating pace of technological development also raises important ethical questions about privacy, employment, and the broader social implications of increasingly autonomous systems operating without sufficient human oversight.",IH_ɪ|EE_i|AH_ɑ,55
6,Urban Development,"Urban development demands careful strategic planning to accommodate growing populations while preserving environmental quality. Modern city planners must address challenges including affordable housing, efficient public transport, and adequate green spaces. Successful urban growth balances economic opportunity with sustainable infrastructure, creating communities where residents can thrive. Mixed-use developments and smart technology integration offer promising approaches for building liveable metropolitan areas.",UH_ʌ|UR_ɜ|AA_æ,59
7,Cultural Diversity,"Cultural diversity enriches societies by introducing a broad spectrum of perspectives, traditions, and creative expressions. Multicultural communities often demonstrate greater adaptability and innovation, drawing upon diverse knowledge systems and approaches to problem solving. Educational institutions bear particular responsibility for fostering intercultural understanding and ensuring that all students, regardless of background, feel valued within the learning environment.",UR_ɜ|IH_ɪ|UH_ə,56
8,Scientific Research,"Scientific research methodology requires rigorous adherence to established protocols that ensure the reliability and validity of findings. Peer review processes serve as fundamental quality control mechanisms within academic communities. Researchers must accurately report data, acknowledge limitations, and consider the broader ethical implications of their work. Transparent communication of results strengthens public trust in the scientific enterprise and informs evidence-based policy decisions.",EH_ɛ|IH_ɪ|AH_ɑ,61
9,Social Inequality,"Social inequality persists as a major challenge confronting modern democratic societies. Disparities in income, educational attainment, and access to healthcare resources affect millions of individuals worldwide. Scholars argue that structural factors, rather than personal shortcomings, primarily drive persistent inequality. Addressing these complex issues demands coordinated policy interventions targeting housing, employment, and social welfare systems at both national and local levels.",AA_æ|EH_ɛ|IH_ɪ,60
10,International Relations,"International relations in the contemporary era are shaped by an intricate web of economic interdependence, security concerns, and cultural exchange. Diplomatic negotiations require careful consideration of diverse national interests and historical contexts. Multilateral organizations facilitate cooperation on global challenges such as arms control, trade regulation, and environmental protection. Effective diplomacy balances assertive national positioning with genuine commitment to collaborative problem resolution.",AH_ɑ|EH_ɛ|AW_ɔ,61
11,Environmental Conservation,"Environmental conservation efforts have intensified as awareness of ecological degradation grows worldwide. Protected natural areas serve as vital refuges for endangered species and help maintain broader ecosystem functions. Conservation strategies increasingly incorporate indigenous knowledge alongside modern scientific approaches, recognizing that local communities often possess invaluable understanding of sustainable resource management developed over many centuries of careful observation.",AW_ɔ|UR_ɜ|UH_ə,57
12,Digital Communication,"Digital communication technologies have transformed interpersonal interactions and fundamentally reshaped how information flows through society. Social media platforms enable rapid dissemination of ideas but also raise concerns about misinformation and reduced attention spans. Organizations must develop sophisticated digital literacy programmes that empower users to critically evaluate online content, distinguish credible sources from unreliable ones, and engage constructively in virtual public discourse.",EE_i|IH_ɪ|OO_u,61
13,Food Security,"Food security represents a critical global challenge as populations expand and agricultural land faces increasing pressure from development and climate variability. Sustainable farming practices, advanced crop science, and improved distribution networks all contribute to addressing hunger and malnutrition. Governments should prioritize food system resilience through strategic investment, international cooperation, and policies that support small-scale farmers who produce a substantial portion of the global food supply.",OO_u|UH_ʌ|AH_ɑ,65
14,Mental Health,"Mental health awareness has grown considerably in recent years, prompting institutions to reconsider their approach to psychological wellbeing. Research demonstrates that early intervention and accessible counselling services significantly reduce the burden of mental illness on individuals and communities. Workplace programmes promoting stress management, work-life balance, and supportive team environments prove particularly effective in preventing burnout and sustaining long-term employee productivity and satisfaction.",EH_ɛ|UH_ə|AA_æ,62
15,Renewable Energy,"Renewable energy adoption has accelerated dramatically as costs decline and environmental urgency grows. Solar and wind power installations now provide a substantial share of electricity generation in numerous countries. However, transitioning from fossil fuels requires enormous investment in grid infrastructure, energy storage, and workforce training. Governments must establish clear regulatory frameworks that incentivize clean energy while ensuring affordable power for all consumers.",OO_u|UR_ɜ|AW_ɔ,62
16,Artificial Intelligence,"Artificial intelligence continues to advance at a remarkable pace, raising profound questions about the future of human labour and decision making. Machine learning algorithms now surpass human performance in specific tasks including medical diagnosis, language translation, and pattern recognition. Policymakers must thoughtfully navigate the balance between encouraging innovation and establishing appropriate safeguards against potential misuse of these increasingly powerful and autonomous computational systems.",IH_ɪ|EE_i|AH_ɑ,63
17,Democratic Governance,"Democratic governance depends upon an informed and engaged citizenry that actively participates in political processes. Free and transparent elections, independent judiciary systems, and robust civil society organizations form the foundation of functioning democracies. Scholars observe that erosion of public trust in governmental institutions threatens democratic stability. Strengthening civic education, promoting media literacy, and ensuring accountable leadership all contribute to preserving democratic values across generations.",AA_æ|UH_ʌ|EH_ɛ,64
18,Migration Patterns,"Migration patterns have shifted considerably due to globalization, economic disparity, and regional conflicts. Contemporary migration involves complex movements of people seeking better employment opportunities, education, or refuge from persecution. Host countries face challenges integrating newcomers while maintaining social cohesion. Comprehensive immigration policies must balance humanitarian obligations with practical considerations regarding labour market demands, cultural adaptation, and the provision of essential public services.",AH_ɑ|EH_ɛ|UH_ə,62
19,Water Resource Management,"Water resource management has become an urgent priority as freshwater scarcity affects communities across all continents. Sustainable water governance requires integrated approaches that consider agricultural irrigation, industrial consumption, and domestic household needs simultaneously. Advanced purification technologies, rainwater harvesting systems, and conservation awareness campaigns offer practical solutions. International cooperation on transboundary water resources remains essential for preventing conflict and ensuring equitable access for future generations.",AW_ɔ|OO_u|UR_ɜ,64
20,Childhood Development,"Childhood development research demonstrates that early experiences profoundly shape cognitive abilities, emotional regulation, and social competence throughout life. Quality early education programmes, nurturing family environments, and adequate nutrition all contribute substantially to healthy developmental outcomes. Policymakers increasingly recognize that investment in early childhood services yields significant long-term returns through reduced healthcare costs, improved academic performance, and stronger community participation in subsequent adult years.",UH_ʌ|AA_æ|IH_ɪ,63
