TaskNo,CreatedDate,Description,Status,DoneDate
9,2026-03-03,Initial setup and configuration,Done,2026-03-03
10,2026-03-03,Core feature implementation,Done,2026-03-04
11,2026-03-03,Bug fixes and refinements,Done,2026-03-03
12,2026-03-03,Additional fixes,Done,2026-03-03
13,2026-03-04,Production rollout preparation,Done,2026-03-04
14,2026-03-04,Post-rollout fixes,Done,2026-03-04
15,2026-03-05,Reading Journey integration,Done,2026-03-06
16,2026-03-05,Collo-dictate mode implementation,Done,2026-03-05
17,2026-03-07,Security hardening - isStudent claim enforcement,Done,2026-03-07
18,2026-03-07,CRM Admin UI route restoration,Done,2026-03-07
19,2026-03-07,Classroom API route restoration,Done,2026-03-07
20,2026-03-07,XLSX library CDN fix,Done,2026-03-07
21,2026-03-07,Student Account LMS implementation,Done,2026-03-07
22,2026-03-07,Identity Merging Protocol,Done,2026-03-07
23,2026-03-07,Safety Handshake admin linking,Done,2026-03-07
24,2026-03-07,Classroom Feature - Stream Modules Classwork,Done,2026-03-07
25,2026-03-07,Backend reliability refactoring,Done,2026-03-07
26,2026-03-07,UX refresh - claim handling,Done,2026-03-07
27,2026-03-07,Security - Firestore rules hardening,Done,2026-03-07
28,2026-03-07,RPG Skill Tree UI implementation,Done,2026-03-07
29,2026-03-07,Orb-in-Slot node design,Done,2026-03-07
30,2026-03-07,SVG connector links,Done,2026-03-07
31,2026-03-07,Adaptive icon system,Done,2026-03-07
32,2026-03-07,SP Tracker integration,Done,2026-03-07
33,2026-03-07,Modal expansion and UI performance,Done,2026-03-07
34,2026-03-07,Server-authoritative scoring,Done,2026-03-07
35,2026-03-07,LCS alignment algorithm,Done,2026-03-07
36,2026-03-07,Anti-Farm award ledger,Done,2026-03-07
37,2026-03-08,Sum-preserving XP distribution,Done,2026-03-08
38,2026-03-08,Secure watch data split,Done,2026-03-08
39,2026-03-08,Automated Firebase deployment,Done,2026-03-08
40,2026-03-08,Service account integration,Done,2026-03-08
41,2026-03-08,Version indicator and docs,Done,2026-03-08
42,2026-03-08,Watch admin security hardening,Done,2026-03-10
43,2026-03-09,Extended mode normalization,Done,2026-03-09
44,2026-03-09,Type mode Check button fix,Done,2026-03-09
45,2026-03-09,Vocab Book access fix,Done,2026-03-09
46,2026-03-09,SRS performance optimization,Done,2026-03-09
47,2026-03-09,Wiktionary API fix,Done,2026-03-09
48,2026-03-09,Penguin Crossing 2.5D overhaul,Done,2026-03-09
49,2026-03-10,CRM and student management launch,Done,2026-03-10
50,2026-03-10,Shop expansion - skill unlocks,Done,2026-03-10
51,2026-03-10,AI-powered Gemini services,Done,2026-03-10
52,2026-03-09,Adaptive Engine V2 refinement,Done,2026-03-09
53,2026-03-10,Product specs documentation,Done,2026-03-10
54,2026-03-10,System architecture hardening,Done,2026-03-10
55,2026-03-10,Landing page localization (Vietnamese),Done,2026-03-10
56,2026-03-10,Language switcher implementation,Done,2026-03-10
58,2026-03-10,Landing page routing config,Done,2026-03-10
60,2026-03-10,Vocabulary Practice UI unification,Done,2026-03-10
61,2026-03-10,Comprehensive Reading Journey UI Modernization (16 elements),Done,2026-03-10
62,2026-03-10,Production Deployment V1.5.4 (Reading Journey Improvements),Done,2026-03-10
64,2026-03-10,Merge CRM standardization into main and deploy v1.5.6,Done,2026-03-10
65,2026-03-11,Implement Hyper-Minimal Branded UI across all practice modes,Done,2026-03-11
66,2026-03-11,Story Quality Rating System (8-criterion rubric + auto-assessment),Done,2026-03-11
67,2026-03-11,Production page performance investigation and optimization,Done,2026-03-13
68,2026-03-11,Scalability Quick Wins - compression + caching + resilience,Done,2026-03-11
69,2026-03-12,Generate Whisk thumbnails for practice modes,Done,2026-03-12
70,2026-03-12,UI Refinement (Type Speak Extended Modes) based on feedback,Done,2026-03-12
71,2026-03-12,Add slogan to loading page,Done,2026-03-12
72,2026-03-12,Implement generated Whisk thumbnails into Practice Mode UI,Done,2026-03-12
73,2026-03-12,Scalability Phase 3 - Service worker + Background workers + Service abstraction,Done,2026-03-12
74,2026-03-12,Fix all practice mode UI bugs - restore corrupted index.html and add cache-busting,Done,2026-03-12
75,2026-03-13,UI update for practice modes using mockup,Done,2026-03-13
76,2026-03-13,Fix Speak mode invisible panel - CSS aliases HTML nesting JS TDZ,Done,2026-03-13
77,2026-03-13,Implement Modern App-Like CSS and 3-Island Layout,Done,2026-03-13
78,2026-03-13,Revert broken 3-island HTML to restore all practice modes,Done,2026-03-13
79,2026-03-13,Fix landing page header - remove duplicate site-header and fix nav overlap,Done,2026-03-13
80,2026-03-13,Pearson-inspired Landing Page mockup (design only),Done,2026-03-13
81,2026-03-13,Dual API layer - Google AI Studio (free) primary with Vertex AI (paid) fallback,Done,2026-03-13
82,2026-03-13,Fix Pronounce mode - add syllable breakdown + remove wrong Pronunciation practice panel,Done,2026-03-13
83,2026-03-13,Enable Praat Cloud Run backend + mobile compatibility for Pronounce mode,Done,2026-03-13
84,2026-03-13,Add AI Teacher's Note summary to pronunciation comparison results,Done,2026-03-13
85,2026-03-14,CRM full-flow browser test: Facebook lead to enrollment lifecycle (11 phases),Done,2026-03-14
86,2026-03-14,Implement images across Landing and About Us pages (7 assets: screenshots + AI generated),Done,2026-03-14
87,2026-03-14,Integrate GStack workflows: /ceo-review + /ship + /diff-qa into GSD,Done,2026-03-14
88,2026-03-14,Implement Round 2 Feedback for Landing Page,Done,2026-03-14
89,2026-03-14,Production push V1.5.8 - all pending changes,Done,2026-03-14
90,2026-03-20,Reduce story choices from 5 to 3 beats (243 to 6 paths),Postponed - waiting for future updates,2026-03-21
91,2026-03-22,Reading Journey UI Refinements,Done,2026-03-22
92,2026-03-22,Aligning Home and About heroes,Done,2026-03-22
93,2026-03-21,Fix user profile panel UI UI alignment,Done,2026-03-21
94,2026-03-22,CRM Full Workflow Browser Test Plan Execution,Done,2026-03-22
95,2026-03-22,Rewrite About Us and Home pages with concise text and HD generated images,Done,2026-03-22
96,2026-03-22,Execute 2026-03-22-crm-browser-fix-reverification-plan.md,Done,2026-03-22
97,2026-03-22,Implement Read Aloud practice mode,Done,2026-03-22
98,2026-03-22,Create Excel BaiTapTongHopSo5 with formulas and summary tables,Done,2026-03-22
99,2026-03-22,Fix Bar Chart to include Doanh Thu and Doanh So,Done,2026-03-22
100,2026-03-22,Read Aloud UI fixes and audio player integration,Done,2026-03-22
101,2026-03-23,Execute CRM browser retest plan on crm-workflow-fixes branch,Done,2026-03-23
102,2026-03-23,Execute Read Aloud browser testing plan,Done,2026-03-23
103,2026-03-23,Redesign sidebar buttons to be modern and sleek,In Progress,
