caseId,family,route,entryControl,surfaceId,sourceAnchor,sourceVersion,role,capabilityFlags,datasetId,state,viewport,zoom,inputMode,evidenceClass,expectedContract,commandOrSteps,status,findingIds,artifactIds,blockerOwner,blockerReason,action,priorState,pendingState,terminalState,requestIdentity,acknowledgementBudgetProposedMs,acknowledgementMeasuredMs,outcomeMeasuredMs,settleMeasuredMs,geometrySummaryId,liveObservationId,motionPreference,focusBeforeAfter,scrollBeforeAfter,staleResponseOutcome
ZOOM-real-1,#staff,#staff,,,,9fadfec71222eccc056fb7ccf360f2bf8dd4d2ba + manifest.json,admin,,,document reflow only,1440 CSS px,100%,Chrome automation,local simulated UI,document reflow only,,pass,,font-zoom-real.json,,,,,,,,,,,,dpr=1; CSS zoom=1; actual Chrome settings zoom,,,,,
ZOOM-real-2,#students,#students,,,,9fadfec71222eccc056fb7ccf360f2bf8dd4d2ba + manifest.json,admin,,,document reflow only,1440 CSS px,100%,Chrome automation,local simulated UI,document reflow only,,pass,,font-zoom-real.json,,,,,,,,,,,,dpr=1; CSS zoom=1; actual Chrome settings zoom,,,,,
ZOOM-real-3,#courses/class-management,#courses/class-management,,,,9fadfec71222eccc056fb7ccf360f2bf8dd4d2ba + manifest.json,admin,,,document reflow only,1440 CSS px,100%,Chrome automation,local simulated UI,document reflow only,,pass,,font-zoom-real.json,,,,,,,,,,,,dpr=1; CSS zoom=1; actual Chrome settings zoom,,,,,
ZOOM-real-4,#dashboard,#dashboard,,,,9fadfec71222eccc056fb7ccf360f2bf8dd4d2ba + manifest.json,admin,,,document reflow only,1440 CSS px,100%,Chrome automation,local simulated UI,document reflow only,,pass,,font-zoom-real.json,,,,,,,,,,,,dpr=1; CSS zoom=1; actual Chrome settings zoom,,,,,
ZOOM-real-5,#books,#books,,,,9fadfec71222eccc056fb7ccf360f2bf8dd4d2ba + manifest.json,admin,,,document reflow only,1440 CSS px,100%,Chrome automation,local simulated UI,document reflow only,,pass,,font-zoom-real.json,,,,,,,,,,,,dpr=1; CSS zoom=1; actual Chrome settings zoom,,,,,
ZOOM-real-6,#staff,#staff,,,,9fadfec71222eccc056fb7ccf360f2bf8dd4d2ba + manifest.json,admin,,,document reflow only,1152 CSS px,125.0%,Chrome automation,local simulated UI,document reflow only,,pass,,font-zoom-real.json,,,,,,,,,,,,dpr=1.25; CSS zoom=1; actual Chrome settings zoom,,,,,
ZOOM-real-7,#students,#students,,,,9fadfec71222eccc056fb7ccf360f2bf8dd4d2ba + manifest.json,admin,,,document reflow only,1152 CSS px,125.0%,Chrome automation,local simulated UI,document reflow only,,pass,,font-zoom-real.json,,,,,,,,,,,,dpr=1.25; CSS zoom=1; actual Chrome settings zoom,,,,,
ZOOM-real-8,#courses/class-management,#courses/class-management,,,,9fadfec71222eccc056fb7ccf360f2bf8dd4d2ba + manifest.json,admin,,,document reflow only,1152 CSS px,125.0%,Chrome automation,local simulated UI,document reflow only,,pass,,font-zoom-real.json,,,,,,,,,,,,dpr=1.25; CSS zoom=1; actual Chrome settings zoom,,,,,
ZOOM-real-9,#dashboard,#dashboard,,,,9fadfec71222eccc056fb7ccf360f2bf8dd4d2ba + manifest.json,admin,,,document reflow only,1152 CSS px,125.0%,Chrome automation,local simulated UI,document reflow only,,pass,,font-zoom-real.json,,,,,,,,,,,,dpr=1.25; CSS zoom=1; actual Chrome settings zoom,,,,,
ZOOM-real-10,#books,#books,,,,9fadfec71222eccc056fb7ccf360f2bf8dd4d2ba + manifest.json,admin,,,document reflow only,1152 CSS px,125.0%,Chrome automation,local simulated UI,document reflow only,,pass,,font-zoom-real.json,,,,,,,,,,,,dpr=1.25; CSS zoom=1; actual Chrome settings zoom,,,,,
ZOOM-real-11,#staff,#staff,,,,9fadfec71222eccc056fb7ccf360f2bf8dd4d2ba + manifest.json,admin,,,document reflow only,960 CSS px,150.0%,Chrome automation,local simulated UI,document reflow only,,pass,,font-zoom-real.json,,,,,,,,,,,,dpr=1.5; CSS zoom=1; actual Chrome settings zoom,,,,,
ZOOM-real-12,#students,#students,,,,9fadfec71222eccc056fb7ccf360f2bf8dd4d2ba + manifest.json,admin,,,document reflow only,960 CSS px,150.0%,Chrome automation,local simulated UI,document reflow only,,pass,,font-zoom-real.json,,,,,,,,,,,,dpr=1.5; CSS zoom=1; actual Chrome settings zoom,,,,,
ZOOM-real-13,#courses/class-management,#courses/class-management,,,,9fadfec71222eccc056fb7ccf360f2bf8dd4d2ba + manifest.json,admin,,,document reflow only,960 CSS px,150.0%,Chrome automation,local simulated UI,document reflow only,,pass,,font-zoom-real.json,,,,,,,,,,,,dpr=1.5; CSS zoom=1; actual Chrome settings zoom,,,,,
ZOOM-real-14,#dashboard,#dashboard,,,,9fadfec71222eccc056fb7ccf360f2bf8dd4d2ba + manifest.json,admin,,,document reflow only,960 CSS px,150.0%,Chrome automation,local simulated UI,document reflow only,,pass,,font-zoom-real.json,,,,,,,,,,,,dpr=1.5; CSS zoom=1; actual Chrome settings zoom,,,,,
ZOOM-real-15,#books,#books,,,,9fadfec71222eccc056fb7ccf360f2bf8dd4d2ba + manifest.json,admin,,,document reflow only,960 CSS px,150.0%,Chrome automation,local simulated UI,document reflow only,,pass,,font-zoom-real.json,,,,,,,,,,,,dpr=1.5; CSS zoom=1; actual Chrome settings zoom,,,,,
ZOOM-real-16,#staff,#staff,,,,9fadfec71222eccc056fb7ccf360f2bf8dd4d2ba + manifest.json,admin,,,document reflow only,720 CSS px,200%,Chrome automation,local simulated UI,document reflow only,,pass,,font-zoom-real.json,,,,,,,,,,,,dpr=2; CSS zoom=1; actual Chrome settings zoom,,,,,
ZOOM-real-17,#students,#students,,,,9fadfec71222eccc056fb7ccf360f2bf8dd4d2ba + manifest.json,admin,,,document reflow only,720 CSS px,200%,Chrome automation,local simulated UI,document reflow only,,pass,,font-zoom-real.json,,,,,,,,,,,,dpr=2; CSS zoom=1; actual Chrome settings zoom,,,,,
ZOOM-real-18,#courses/class-management,#courses/class-management,,,,9fadfec71222eccc056fb7ccf360f2bf8dd4d2ba + manifest.json,admin,,,document reflow only,720 CSS px,200%,Chrome automation,local simulated UI,document reflow only,,pass,,font-zoom-real.json,,,,,,,,,,,,dpr=2; CSS zoom=1; actual Chrome settings zoom,,,,,
ZOOM-real-19,#dashboard,#dashboard,,,,9fadfec71222eccc056fb7ccf360f2bf8dd4d2ba + manifest.json,admin,,,document reflow only,720 CSS px,200%,Chrome automation,local simulated UI,document reflow only,,pass,,font-zoom-real.json,,,,,,,,,,,,dpr=2; CSS zoom=1; actual Chrome settings zoom,,,,,
ZOOM-real-20,#books,#books,,,,9fadfec71222eccc056fb7ccf360f2bf8dd4d2ba + manifest.json,admin,,,document reflow only,720 CSS px,200%,Chrome automation,local simulated UI,document reflow only,,pass,,font-zoom-real.json,,,,,,,,,,,,dpr=2; CSS zoom=1; actual Chrome settings zoom,,,,,
ZOOM-real-21,#staff,#staff,,,,9fadfec71222eccc056fb7ccf360f2bf8dd4d2ba + manifest.json,admin,,,document reflow only,360 CSS px,400%,Chrome automation,local simulated UI,document reflow only,,pass,,font-zoom-real.json,,,,,,,,,,,,dpr=4; CSS zoom=1; actual Chrome settings zoom,,,,,
ZOOM-real-22,#students,#students,,,,9fadfec71222eccc056fb7ccf360f2bf8dd4d2ba + manifest.json,admin,,,document reflow only,360 CSS px,400%,Chrome automation,local simulated UI,document reflow only,,pass,,font-zoom-real.json,,,,,,,,,,,,dpr=4; CSS zoom=1; actual Chrome settings zoom,,,,,
ZOOM-real-23,#courses/class-management,#courses/class-management,,,,9fadfec71222eccc056fb7ccf360f2bf8dd4d2ba + manifest.json,admin,,,document reflow only,360 CSS px,400%,Chrome automation,local simulated UI,document reflow only,,pass,,font-zoom-real.json,,,,,,,,,,,,dpr=4; CSS zoom=1; actual Chrome settings zoom,,,,,
ZOOM-real-24,#dashboard,#dashboard,,,,9fadfec71222eccc056fb7ccf360f2bf8dd4d2ba + manifest.json,admin,,,document reflow only,360 CSS px,400%,Chrome automation,local simulated UI,document reflow only,,pass,,font-zoom-real.json,,,,,,,,,,,,dpr=4; CSS zoom=1; actual Chrome settings zoom,,,,,
ZOOM-real-25,#books,#books,,,,9fadfec71222eccc056fb7ccf360f2bf8dd4d2ba + manifest.json,admin,,,document reflow only,360 CSS px,400%,Chrome automation,local simulated UI,document reflow only,,pass,,font-zoom-real.json,,,,,,,,,,,,dpr=4; CSS zoom=1; actual Chrome settings zoom,,,,,
FONT-real-1,Typography,,,#audit-glyph-0-0,,9fadfec71222eccc056fb7ccf360f2bf8dd4d2ba + manifest.json,admin,,NFC/NFD Vietnamese regular/bold/italic,actual glyph-bearing platform fonts,,100%,Chrome automation,local simulated UI,actual glyph-bearing platform fonts,,pass,,font-zoom-real.json,,,,,,,,,,,,,,,,,
FONT-real-2,Typography,,,#audit-glyph-1-0,,9fadfec71222eccc056fb7ccf360f2bf8dd4d2ba + manifest.json,admin,,NFC/NFD Vietnamese regular/bold/italic,actual glyph-bearing platform fonts,,100%,Chrome automation,local simulated UI,actual glyph-bearing platform fonts,,finding,F-03,font-zoom-real.json,,,,,,,,,,,,,,,,,
FONT-real-3,Typography,,,#audit-glyph-0-1,,9fadfec71222eccc056fb7ccf360f2bf8dd4d2ba + manifest.json,admin,,NFC/NFD Vietnamese regular/bold/italic,actual glyph-bearing platform fonts,,100%,Chrome automation,local simulated UI,actual glyph-bearing platform fonts,,pass,,font-zoom-real.json,,,,,,,,,,,,,,,,,
FONT-real-4,Typography,,,#audit-glyph-1-1,,9fadfec71222eccc056fb7ccf360f2bf8dd4d2ba + manifest.json,admin,,NFC/NFD Vietnamese regular/bold/italic,actual glyph-bearing platform fonts,,100%,Chrome automation,local simulated UI,actual glyph-bearing platform fonts,,finding,F-03,font-zoom-real.json,,,,,,,,,,,,,,,,,
FONT-real-5,Typography,,,#audit-glyph-0-2,,9fadfec71222eccc056fb7ccf360f2bf8dd4d2ba + manifest.json,admin,,NFC/NFD Vietnamese regular/bold/italic,actual glyph-bearing platform fonts,,100%,Chrome automation,local simulated UI,actual glyph-bearing platform fonts,,pass,,font-zoom-real.json,,,,,,,,,,,,,,,,,
FONT-real-6,Typography,,,#audit-glyph-1-2,,9fadfec71222eccc056fb7ccf360f2bf8dd4d2ba + manifest.json,admin,,NFC/NFD Vietnamese regular/bold/italic,actual glyph-bearing platform fonts,,100%,Chrome automation,local simulated UI,actual glyph-bearing platform fonts,,finding,F-03,font-zoom-real.json,,,,,,,,,,,,,,,,,
ZOOM-fallback-1,#staff,#staff,,,,9fadfec71222eccc056fb7ccf360f2bf8dd4d2ba + manifest.json,admin,,,document reflow only,1440 CSS px,100%,Chrome automation,local simulated UI,document reflow only,,pass,,font-zoom-fallback.json,,,,,,,,,,,,dpr=1; CSS zoom=1; actual Chrome settings zoom,,,,,
ZOOM-fallback-2,#students,#students,,,,9fadfec71222eccc056fb7ccf360f2bf8dd4d2ba + manifest.json,admin,,,document reflow only,1440 CSS px,100%,Chrome automation,local simulated UI,document reflow only,,pass,,font-zoom-fallback.json,,,,,,,,,,,,dpr=1; CSS zoom=1; actual Chrome settings zoom,,,,,
ZOOM-fallback-3,#courses/class-management,#courses/class-management,,,,9fadfec71222eccc056fb7ccf360f2bf8dd4d2ba + manifest.json,admin,,,document reflow only,1440 CSS px,100%,Chrome automation,local simulated UI,document reflow only,,pass,,font-zoom-fallback.json,,,,,,,,,,,,dpr=1; CSS zoom=1; actual Chrome settings zoom,,,,,
ZOOM-fallback-4,#dashboard,#dashboard,,,,9fadfec71222eccc056fb7ccf360f2bf8dd4d2ba + manifest.json,admin,,,document reflow only,1440 CSS px,100%,Chrome automation,local simulated UI,document reflow only,,pass,,font-zoom-fallback.json,,,,,,,,,,,,dpr=1; CSS zoom=1; actual Chrome settings zoom,,,,,
ZOOM-fallback-5,#books,#books,,,,9fadfec71222eccc056fb7ccf360f2bf8dd4d2ba + manifest.json,admin,,,document reflow only,1440 CSS px,100%,Chrome automation,local simulated UI,document reflow only,,pass,,font-zoom-fallback.json,,,,,,,,,,,,dpr=1; CSS zoom=1; actual Chrome settings zoom,,,,,
ZOOM-fallback-6,#staff,#staff,,,,9fadfec71222eccc056fb7ccf360f2bf8dd4d2ba + manifest.json,admin,,,document reflow only,1152 CSS px,125.0%,Chrome automation,local simulated UI,document reflow only,,pass,,font-zoom-fallback.json,,,,,,,,,,,,dpr=1.25; CSS zoom=1; actual Chrome settings zoom,,,,,
ZOOM-fallback-7,#students,#students,,,,9fadfec71222eccc056fb7ccf360f2bf8dd4d2ba + manifest.json,admin,,,document reflow only,1152 CSS px,125.0%,Chrome automation,local simulated UI,document reflow only,,pass,,font-zoom-fallback.json,,,,,,,,,,,,dpr=1.25; CSS zoom=1; actual Chrome settings zoom,,,,,
ZOOM-fallback-8,#courses/class-management,#courses/class-management,,,,9fadfec71222eccc056fb7ccf360f2bf8dd4d2ba + manifest.json,admin,,,document reflow only,1152 CSS px,125.0%,Chrome automation,local simulated UI,document reflow only,,pass,,font-zoom-fallback.json,,,,,,,,,,,,dpr=1.25; CSS zoom=1; actual Chrome settings zoom,,,,,
ZOOM-fallback-9,#dashboard,#dashboard,,,,9fadfec71222eccc056fb7ccf360f2bf8dd4d2ba + manifest.json,admin,,,document reflow only,1152 CSS px,125.0%,Chrome automation,local simulated UI,document reflow only,,pass,,font-zoom-fallback.json,,,,,,,,,,,,dpr=1.25; CSS zoom=1; actual Chrome settings zoom,,,,,
ZOOM-fallback-10,#books,#books,,,,9fadfec71222eccc056fb7ccf360f2bf8dd4d2ba + manifest.json,admin,,,document reflow only,1152 CSS px,125.0%,Chrome automation,local simulated UI,document reflow only,,pass,,font-zoom-fallback.json,,,,,,,,,,,,dpr=1.25; CSS zoom=1; actual Chrome settings zoom,,,,,
ZOOM-fallback-11,#staff,#staff,,,,9fadfec71222eccc056fb7ccf360f2bf8dd4d2ba + manifest.json,admin,,,document reflow only,960 CSS px,150.0%,Chrome automation,local simulated UI,document reflow only,,pass,,font-zoom-fallback.json,,,,,,,,,,,,dpr=1.5; CSS zoom=1; actual Chrome settings zoom,,,,,
ZOOM-fallback-12,#students,#students,,,,9fadfec71222eccc056fb7ccf360f2bf8dd4d2ba + manifest.json,admin,,,document reflow only,960 CSS px,150.0%,Chrome automation,local simulated UI,document reflow only,,pass,,font-zoom-fallback.json,,,,,,,,,,,,dpr=1.5; CSS zoom=1; actual Chrome settings zoom,,,,,
ZOOM-fallback-13,#courses/class-management,#courses/class-management,,,,9fadfec71222eccc056fb7ccf360f2bf8dd4d2ba + manifest.json,admin,,,document reflow only,960 CSS px,150.0%,Chrome automation,local simulated UI,document reflow only,,pass,,font-zoom-fallback.json,,,,,,,,,,,,dpr=1.5; CSS zoom=1; actual Chrome settings zoom,,,,,
ZOOM-fallback-14,#dashboard,#dashboard,,,,9fadfec71222eccc056fb7ccf360f2bf8dd4d2ba + manifest.json,admin,,,document reflow only,960 CSS px,150.0%,Chrome automation,local simulated UI,document reflow only,,pass,,font-zoom-fallback.json,,,,,,,,,,,,dpr=1.5; CSS zoom=1; actual Chrome settings zoom,,,,,
ZOOM-fallback-15,#books,#books,,,,9fadfec71222eccc056fb7ccf360f2bf8dd4d2ba + manifest.json,admin,,,document reflow only,960 CSS px,150.0%,Chrome automation,local simulated UI,document reflow only,,pass,,font-zoom-fallback.json,,,,,,,,,,,,dpr=1.5; CSS zoom=1; actual Chrome settings zoom,,,,,
ZOOM-fallback-16,#staff,#staff,,,,9fadfec71222eccc056fb7ccf360f2bf8dd4d2ba + manifest.json,admin,,,document reflow only,720 CSS px,200%,Chrome automation,local simulated UI,document reflow only,,pass,,font-zoom-fallback.json,,,,,,,,,,,,dpr=2; CSS zoom=1; actual Chrome settings zoom,,,,,
ZOOM-fallback-17,#students,#students,,,,9fadfec71222eccc056fb7ccf360f2bf8dd4d2ba + manifest.json,admin,,,document reflow only,720 CSS px,200%,Chrome automation,local simulated UI,document reflow only,,pass,,font-zoom-fallback.json,,,,,,,,,,,,dpr=2; CSS zoom=1; actual Chrome settings zoom,,,,,
ZOOM-fallback-18,#courses/class-management,#courses/class-management,,,,9fadfec71222eccc056fb7ccf360f2bf8dd4d2ba + manifest.json,admin,,,document reflow only,720 CSS px,200%,Chrome automation,local simulated UI,document reflow only,,pass,,font-zoom-fallback.json,,,,,,,,,,,,dpr=2; CSS zoom=1; actual Chrome settings zoom,,,,,
ZOOM-fallback-19,#dashboard,#dashboard,,,,9fadfec71222eccc056fb7ccf360f2bf8dd4d2ba + manifest.json,admin,,,document reflow only,720 CSS px,200%,Chrome automation,local simulated UI,document reflow only,,pass,,font-zoom-fallback.json,,,,,,,,,,,,dpr=2; CSS zoom=1; actual Chrome settings zoom,,,,,
ZOOM-fallback-20,#books,#books,,,,9fadfec71222eccc056fb7ccf360f2bf8dd4d2ba + manifest.json,admin,,,document reflow only,720 CSS px,200%,Chrome automation,local simulated UI,document reflow only,,pass,,font-zoom-fallback.json,,,,,,,,,,,,dpr=2; CSS zoom=1; actual Chrome settings zoom,,,,,
ZOOM-fallback-21,#staff,#staff,,,,9fadfec71222eccc056fb7ccf360f2bf8dd4d2ba + manifest.json,admin,,,document reflow only,360 CSS px,400%,Chrome automation,local simulated UI,document reflow only,,pass,,font-zoom-fallback.json,,,,,,,,,,,,dpr=4; CSS zoom=1; actual Chrome settings zoom,,,,,
ZOOM-fallback-22,#students,#students,,,,9fadfec71222eccc056fb7ccf360f2bf8dd4d2ba + manifest.json,admin,,,document reflow only,360 CSS px,400%,Chrome automation,local simulated UI,document reflow only,,pass,,font-zoom-fallback.json,,,,,,,,,,,,dpr=4; CSS zoom=1; actual Chrome settings zoom,,,,,
ZOOM-fallback-23,#courses/class-management,#courses/class-management,,,,9fadfec71222eccc056fb7ccf360f2bf8dd4d2ba + manifest.json,admin,,,document reflow only,360 CSS px,400%,Chrome automation,local simulated UI,document reflow only,,pass,,font-zoom-fallback.json,,,,,,,,,,,,dpr=4; CSS zoom=1; actual Chrome settings zoom,,,,,
ZOOM-fallback-24,#dashboard,#dashboard,,,,9fadfec71222eccc056fb7ccf360f2bf8dd4d2ba + manifest.json,admin,,,document reflow only,360 CSS px,400%,Chrome automation,local simulated UI,document reflow only,,pass,,font-zoom-fallback.json,,,,,,,,,,,,dpr=4; CSS zoom=1; actual Chrome settings zoom,,,,,
ZOOM-fallback-25,#books,#books,,,,9fadfec71222eccc056fb7ccf360f2bf8dd4d2ba + manifest.json,admin,,,document reflow only,360 CSS px,400%,Chrome automation,local simulated UI,document reflow only,,pass,,font-zoom-fallback.json,,,,,,,,,,,,dpr=4; CSS zoom=1; actual Chrome settings zoom,,,,,
FONT-fallback-1,Typography,,,#audit-glyph-0-0,,9fadfec71222eccc056fb7ccf360f2bf8dd4d2ba + manifest.json,admin,,NFC/NFD Vietnamese regular/bold/italic,actual glyph-bearing platform fonts,,100%,Chrome automation,local simulated UI,actual glyph-bearing platform fonts,,pass,,font-zoom-fallback.json,,,,,,,,,,,,,,,,,
FONT-fallback-2,Typography,,,#audit-glyph-1-0,,9fadfec71222eccc056fb7ccf360f2bf8dd4d2ba + manifest.json,admin,,NFC/NFD Vietnamese regular/bold/italic,actual glyph-bearing platform fonts,,100%,Chrome automation,local simulated UI,actual glyph-bearing platform fonts,,pass,,font-zoom-fallback.json,,,,,,,,,,,,,,,,,
FONT-fallback-3,Typography,,,#audit-glyph-0-1,,9fadfec71222eccc056fb7ccf360f2bf8dd4d2ba + manifest.json,admin,,NFC/NFD Vietnamese regular/bold/italic,actual glyph-bearing platform fonts,,100%,Chrome automation,local simulated UI,actual glyph-bearing platform fonts,,pass,,font-zoom-fallback.json,,,,,,,,,,,,,,,,,
FONT-fallback-4,Typography,,,#audit-glyph-1-1,,9fadfec71222eccc056fb7ccf360f2bf8dd4d2ba + manifest.json,admin,,NFC/NFD Vietnamese regular/bold/italic,actual glyph-bearing platform fonts,,100%,Chrome automation,local simulated UI,actual glyph-bearing platform fonts,,pass,,font-zoom-fallback.json,,,,,,,,,,,,,,,,,
FONT-fallback-5,Typography,,,#audit-glyph-0-2,,9fadfec71222eccc056fb7ccf360f2bf8dd4d2ba + manifest.json,admin,,NFC/NFD Vietnamese regular/bold/italic,actual glyph-bearing platform fonts,,100%,Chrome automation,local simulated UI,actual glyph-bearing platform fonts,,pass,,font-zoom-fallback.json,,,,,,,,,,,,,,,,,
FONT-fallback-6,Typography,,,#audit-glyph-1-2,,9fadfec71222eccc056fb7ccf360f2bf8dd4d2ba + manifest.json,admin,,NFC/NFD Vietnamese regular/bold/italic,actual glyph-bearing platform fonts,,100%,Chrome automation,local simulated UI,actual glyph-bearing platform fonts,,pass,,font-zoom-fallback.json,,,,,,,,,,,,,,,,,
DIALOG-001,crm-student-modal,,explicit fixture disclosure; not domain entry proof,crm-student-modal,,9fadfec71222eccc056fb7ccf360f2bf8dd4d2ba + manifest.json,admin,,Info,static dialog/tab geometry only,1440,100%,Chrome automation,local simulated UI,static dialog/tab geometry only,,pass,,dialog-layout.json,,,,,,,,,,,,,,,,,
DIALOG-002,crm-student-modal,,explicit fixture disclosure; not domain entry proof,crm-student-modal,,9fadfec71222eccc056fb7ccf360f2bf8dd4d2ba + manifest.json,admin,,Learning Profile,static dialog/tab geometry only,1440,100%,Chrome automation,local simulated UI,static dialog/tab geometry only,,pass,,dialog-layout.json,,,,,,,,,,,,,,,,,
DIALOG-003,crm-student-modal,,explicit fixture disclosure; not domain entry proof,crm-student-modal,,9fadfec71222eccc056fb7ccf360f2bf8dd4d2ba + manifest.json,admin,,Student 360,static dialog/tab geometry only,1440,100%,Chrome automation,local simulated UI,static dialog/tab geometry only,,pass,,dialog-layout.json,,,,,,,,,,,,,,,,,
DIALOG-004,crm-student-modal,,explicit fixture disclosure; not domain entry proof,crm-student-modal,,9fadfec71222eccc056fb7ccf360f2bf8dd4d2ba + manifest.json,admin,,Courses,static dialog/tab geometry only,1440,100%,Chrome automation,local simulated UI,static dialog/tab geometry only,,pass,,dialog-layout.json,,,,,,,,,,,,,,,,,
DIALOG-005,crm-student-modal,,explicit fixture disclosure; not domain entry proof,crm-student-modal,,9fadfec71222eccc056fb7ccf360f2bf8dd4d2ba + manifest.json,admin,,Finance,static dialog/tab geometry only,1440,100%,Chrome automation,local simulated UI,static dialog/tab geometry only,,pass,,dialog-layout.json,,,,,,,,,,,,,,,,,
DIALOG-006,crm-student-modal,,explicit fixture disclosure; not domain entry proof,crm-student-modal,,9fadfec71222eccc056fb7ccf360f2bf8dd4d2ba + manifest.json,admin,,Identity,static dialog/tab geometry only,1440,100%,Chrome automation,local simulated UI,static dialog/tab geometry only,,pass,,dialog-layout.json,,,,,,,,,,,,,,,,,
DIALOG-007,crm-student-modal,,explicit fixture disclosure; not domain entry proof,crm-student-modal,,9fadfec71222eccc056fb7ccf360f2bf8dd4d2ba + manifest.json,admin,,Teaching Sessions,static dialog/tab geometry only,1440,100%,Chrome automation,local simulated UI,static dialog/tab geometry only,,pass,,dialog-layout.json,,,,,,,,,,,,,,,,,
DIALOG-008,crm-course-modal,,explicit fixture disclosure; not domain entry proof,crm-course-modal,,9fadfec71222eccc056fb7ccf360f2bf8dd4d2ba + manifest.json,admin,,Info,static dialog/tab geometry only,1440,100%,Chrome automation,local simulated UI,static dialog/tab geometry only,,pass,,dialog-layout.json,,,,,,,,,,,,,,,,,
DIALOG-009,crm-course-modal,,explicit fixture disclosure; not domain entry proof,crm-course-modal,,9fadfec71222eccc056fb7ccf360f2bf8dd4d2ba + manifest.json,admin,,Management,static dialog/tab geometry only,1440,100%,Chrome automation,local simulated UI,static dialog/tab geometry only,,pass,,dialog-layout.json,,,,,,,,,,,,,,,,,
DIALOG-010,crm-classroom-modal,,explicit fixture disclosure; not domain entry proof,crm-classroom-modal,,9fadfec71222eccc056fb7ccf360f2bf8dd4d2ba + manifest.json,admin,,Settings,static dialog/tab geometry only,1440,100%,Chrome automation,local simulated UI,static dialog/tab geometry only,,pass,,dialog-layout.json,,,,,,,,,,,,,,,,,
DIALOG-011,crm-classroom-modal,,explicit fixture disclosure; not domain entry proof,crm-classroom-modal,,9fadfec71222eccc056fb7ccf360f2bf8dd4d2ba + manifest.json,admin,,Scheduling,static dialog/tab geometry only,1440,100%,Chrome automation,local simulated UI,static dialog/tab geometry only,,pass,,dialog-layout.json,,,,,,,,,,,,,,,,,
DIALOG-012,crm-classroom-modal,,explicit fixture disclosure; not domain entry proof,crm-classroom-modal,,9fadfec71222eccc056fb7ccf360f2bf8dd4d2ba + manifest.json,admin,,Attendance,static dialog/tab geometry only,1440,100%,Chrome automation,local simulated UI,static dialog/tab geometry only,,pass,,dialog-layout.json,,,,,,,,,,,,,,,,,
DIALOG-013,crm-classroom-modal,,explicit fixture disclosure; not domain entry proof,crm-classroom-modal,,9fadfec71222eccc056fb7ccf360f2bf8dd4d2ba + manifest.json,admin,,Stream,static dialog/tab geometry only,1440,100%,Chrome automation,local simulated UI,static dialog/tab geometry only,,pass,,dialog-layout.json,,,,,,,,,,,,,,,,,
DIALOG-014,crm-classroom-modal,,explicit fixture disclosure; not domain entry proof,crm-classroom-modal,,9fadfec71222eccc056fb7ccf360f2bf8dd4d2ba + manifest.json,admin,,Modules,static dialog/tab geometry only,1440,100%,Chrome automation,local simulated UI,static dialog/tab geometry only,,pass,,dialog-layout.json,,,,,,,,,,,,,,,,,
DIALOG-015,crm-classroom-modal,,explicit fixture disclosure; not domain entry proof,crm-classroom-modal,,9fadfec71222eccc056fb7ccf360f2bf8dd4d2ba + manifest.json,admin,,Classwork,static dialog/tab geometry only,1440,100%,Chrome automation,local simulated UI,static dialog/tab geometry only,,pass,,dialog-layout.json,,,,,,,,,,,,,,,,,
DIALOG-016,crm-classroom-modal,,explicit fixture disclosure; not domain entry proof,crm-classroom-modal,,9fadfec71222eccc056fb7ccf360f2bf8dd4d2ba + manifest.json,admin,,Review Board,static dialog/tab geometry only,1440,100%,Chrome automation,local simulated UI,static dialog/tab geometry only,,pass,,dialog-layout.json,,,,,,,,,,,,,,,,,
DIALOG-017,scheduler-action-modal,,explicit fixture disclosure; not domain entry proof,scheduler-action-modal,,9fadfec71222eccc056fb7ccf360f2bf8dd4d2ba + manifest.json,admin,,initial,static dialog/tab geometry only,1440,100%,Chrome automation,local simulated UI,static dialog/tab geometry only,,pass,,dialog-layout.json,,,,,,,,,,,,,,,,,
DIALOG-018,bulk-delete-warning-modal,,explicit fixture disclosure; not domain entry proof,bulk-delete-warning-modal,,9fadfec71222eccc056fb7ccf360f2bf8dd4d2ba + manifest.json,admin,,initial,static dialog/tab geometry only,1440,100%,Chrome automation,local simulated UI,static dialog/tab geometry only,,pass,,dialog-layout.json,,,,,,,,,,,,,,,,,
DIALOG-019,crm-teaching-session-modal,,explicit fixture disclosure; not domain entry proof,crm-teaching-session-modal,,9fadfec71222eccc056fb7ccf360f2bf8dd4d2ba + manifest.json,admin,,initial,static dialog/tab geometry only,1440,100%,Chrome automation,local simulated UI,static dialog/tab geometry only,,pass,,dialog-layout.json,,,,,,,,,,,,,,,,,
DIALOG-020,crm-books-mindmap-modal,,explicit fixture disclosure; not domain entry proof,crm-books-mindmap-modal,,9fadfec71222eccc056fb7ccf360f2bf8dd4d2ba + manifest.json,admin,,initial,static dialog/tab geometry only,1440,100%,Chrome automation,local simulated UI,static dialog/tab geometry only,,pass,,dialog-layout.json,,,,,,,,,,,,,,,,,
DIALOG-021,crm-student-modal,,explicit fixture disclosure; not domain entry proof,crm-student-modal,,9fadfec71222eccc056fb7ccf360f2bf8dd4d2ba + manifest.json,admin,,Info,static dialog/tab geometry only,768,100%,Chrome automation,local simulated UI,static dialog/tab geometry only,,pass,,dialog-layout.json,,,,,,,,,,,,,,,,,
DIALOG-022,crm-student-modal,,explicit fixture disclosure; not domain entry proof,crm-student-modal,,9fadfec71222eccc056fb7ccf360f2bf8dd4d2ba + manifest.json,admin,,Learning Profile,static dialog/tab geometry only,768,100%,Chrome automation,local simulated UI,static dialog/tab geometry only,,pass,,dialog-layout.json,,,,,,,,,,,,,,,,,
DIALOG-023,crm-student-modal,,explicit fixture disclosure; not domain entry proof,crm-student-modal,,9fadfec71222eccc056fb7ccf360f2bf8dd4d2ba + manifest.json,admin,,Student 360,static dialog/tab geometry only,768,100%,Chrome automation,local simulated UI,static dialog/tab geometry only,,pass,,dialog-layout.json,,,,,,,,,,,,,,,,,
DIALOG-024,crm-student-modal,,explicit fixture disclosure; not domain entry proof,crm-student-modal,,9fadfec71222eccc056fb7ccf360f2bf8dd4d2ba + manifest.json,admin,,Courses,static dialog/tab geometry only,768,100%,Chrome automation,local simulated UI,static dialog/tab geometry only,,pass,,dialog-layout.json,,,,,,,,,,,,,,,,,
DIALOG-025,crm-student-modal,,explicit fixture disclosure; not domain entry proof,crm-student-modal,,9fadfec71222eccc056fb7ccf360f2bf8dd4d2ba + manifest.json,admin,,Finance,static dialog/tab geometry only,768,100%,Chrome automation,local simulated UI,static dialog/tab geometry only,,pass,,dialog-layout.json,,,,,,,,,,,,,,,,,
DIALOG-026,crm-student-modal,,explicit fixture disclosure; not domain entry proof,crm-student-modal,,9fadfec71222eccc056fb7ccf360f2bf8dd4d2ba + manifest.json,admin,,Identity,static dialog/tab geometry only,768,100%,Chrome automation,local simulated UI,static dialog/tab geometry only,,pass,,dialog-layout.json,,,,,,,,,,,,,,,,,
DIALOG-027,crm-student-modal,,explicit fixture disclosure; not domain entry proof,crm-student-modal,,9fadfec71222eccc056fb7ccf360f2bf8dd4d2ba + manifest.json,admin,,Teaching Sessions,static dialog/tab geometry only,768,100%,Chrome automation,local simulated UI,static dialog/tab geometry only,,pass,,dialog-layout.json,,,,,,,,,,,,,,,,,
DIALOG-028,crm-course-modal,,explicit fixture disclosure; not domain entry proof,crm-course-modal,,9fadfec71222eccc056fb7ccf360f2bf8dd4d2ba + manifest.json,admin,,Info,static dialog/tab geometry only,768,100%,Chrome automation,local simulated UI,static dialog/tab geometry only,,pass,,dialog-layout.json,,,,,,,,,,,,,,,,,
DIALOG-029,crm-course-modal,,explicit fixture disclosure; not domain entry proof,crm-course-modal,,9fadfec71222eccc056fb7ccf360f2bf8dd4d2ba + manifest.json,admin,,Management,static dialog/tab geometry only,768,100%,Chrome automation,local simulated UI,static dialog/tab geometry only,,pass,,dialog-layout.json,,,,,,,,,,,,,,,,,
DIALOG-030,crm-classroom-modal,,explicit fixture disclosure; not domain entry proof,crm-classroom-modal,,9fadfec71222eccc056fb7ccf360f2bf8dd4d2ba + manifest.json,admin,,Settings,static dialog/tab geometry only,768,100%,Chrome automation,local simulated UI,static dialog/tab geometry only,,pass,,dialog-layout.json,,,,,,,,,,,,,,,,,
DIALOG-031,crm-classroom-modal,,explicit fixture disclosure; not domain entry proof,crm-classroom-modal,,9fadfec71222eccc056fb7ccf360f2bf8dd4d2ba + manifest.json,admin,,Scheduling,static dialog/tab geometry only,768,100%,Chrome automation,local simulated UI,static dialog/tab geometry only,,pass,,dialog-layout.json,,,,,,,,,,,,,,,,,
DIALOG-032,crm-classroom-modal,,explicit fixture disclosure; not domain entry proof,crm-classroom-modal,,9fadfec71222eccc056fb7ccf360f2bf8dd4d2ba + manifest.json,admin,,Attendance,static dialog/tab geometry only,768,100%,Chrome automation,local simulated UI,static dialog/tab geometry only,,pass,,dialog-layout.json,,,,,,,,,,,,,,,,,
DIALOG-033,crm-classroom-modal,,explicit fixture disclosure; not domain entry proof,crm-classroom-modal,,9fadfec71222eccc056fb7ccf360f2bf8dd4d2ba + manifest.json,admin,,Stream,static dialog/tab geometry only,768,100%,Chrome automation,local simulated UI,static dialog/tab geometry only,,pass,,dialog-layout.json,,,,,,,,,,,,,,,,,
DIALOG-034,crm-classroom-modal,,explicit fixture disclosure; not domain entry proof,crm-classroom-modal,,9fadfec71222eccc056fb7ccf360f2bf8dd4d2ba + manifest.json,admin,,Modules,static dialog/tab geometry only,768,100%,Chrome automation,local simulated UI,static dialog/tab geometry only,,pass,,dialog-layout.json,,,,,,,,,,,,,,,,,
DIALOG-035,crm-classroom-modal,,explicit fixture disclosure; not domain entry proof,crm-classroom-modal,,9fadfec71222eccc056fb7ccf360f2bf8dd4d2ba + manifest.json,admin,,Classwork,static dialog/tab geometry only,768,100%,Chrome automation,local simulated UI,static dialog/tab geometry only,,pass,,dialog-layout.json,,,,,,,,,,,,,,,,,
DIALOG-036,crm-classroom-modal,,explicit fixture disclosure; not domain entry proof,crm-classroom-modal,,9fadfec71222eccc056fb7ccf360f2bf8dd4d2ba + manifest.json,admin,,Review Board,static dialog/tab geometry only,768,100%,Chrome automation,local simulated UI,static dialog/tab geometry only,,pass,,dialog-layout.json,,,,,,,,,,,,,,,,,
DIALOG-037,scheduler-action-modal,,explicit fixture disclosure; not domain entry proof,scheduler-action-modal,,9fadfec71222eccc056fb7ccf360f2bf8dd4d2ba + manifest.json,admin,,initial,static dialog/tab geometry only,768,100%,Chrome automation,local simulated UI,static dialog/tab geometry only,,pass,,dialog-layout.json,,,,,,,,,,,,,,,,,
DIALOG-038,bulk-delete-warning-modal,,explicit fixture disclosure; not domain entry proof,bulk-delete-warning-modal,,9fadfec71222eccc056fb7ccf360f2bf8dd4d2ba + manifest.json,admin,,initial,static dialog/tab geometry only,768,100%,Chrome automation,local simulated UI,static dialog/tab geometry only,,pass,,dialog-layout.json,,,,,,,,,,,,,,,,,
DIALOG-039,crm-teaching-session-modal,,explicit fixture disclosure; not domain entry proof,crm-teaching-session-modal,,9fadfec71222eccc056fb7ccf360f2bf8dd4d2ba + manifest.json,admin,,initial,static dialog/tab geometry only,768,100%,Chrome automation,local simulated UI,static dialog/tab geometry only,,pass,,dialog-layout.json,,,,,,,,,,,,,,,,,
DIALOG-040,crm-books-mindmap-modal,,explicit fixture disclosure; not domain entry proof,crm-books-mindmap-modal,,9fadfec71222eccc056fb7ccf360f2bf8dd4d2ba + manifest.json,admin,,initial,static dialog/tab geometry only,768,100%,Chrome automation,local simulated UI,static dialog/tab geometry only,,finding,F-02,dialog-layout.json,,,,,,,,,,,,,,,,,
DIALOG-041,crm-student-modal,,explicit fixture disclosure; not domain entry proof,crm-student-modal,,9fadfec71222eccc056fb7ccf360f2bf8dd4d2ba + manifest.json,admin,,Info,static dialog/tab geometry only,390,100%,Chrome automation,local simulated UI,static dialog/tab geometry only,,finding,F-01,dialog-layout.json,,,,,,,,,,,,,,,,,
DIALOG-042,crm-student-modal,,explicit fixture disclosure; not domain entry proof,crm-student-modal,,9fadfec71222eccc056fb7ccf360f2bf8dd4d2ba + manifest.json,admin,,Learning Profile,static dialog/tab geometry only,390,100%,Chrome automation,local simulated UI,static dialog/tab geometry only,,finding,F-01,dialog-layout.json,,,,,,,,,,,,,,,,,
DIALOG-043,crm-student-modal,,explicit fixture disclosure; not domain entry proof,crm-student-modal,,9fadfec71222eccc056fb7ccf360f2bf8dd4d2ba + manifest.json,admin,,Student 360,static dialog/tab geometry only,390,100%,Chrome automation,local simulated UI,static dialog/tab geometry only,,pass,,dialog-layout.json,,,,,,,,,,,,,,,,,
DIALOG-044,crm-student-modal,,explicit fixture disclosure; not domain entry proof,crm-student-modal,,9fadfec71222eccc056fb7ccf360f2bf8dd4d2ba + manifest.json,admin,,Courses,static dialog/tab geometry only,390,100%,Chrome automation,local simulated UI,static dialog/tab geometry only,,finding,F-01,dialog-layout.json,,,,,,,,,,,,,,,,,
DIALOG-045,crm-student-modal,,explicit fixture disclosure; not domain entry proof,crm-student-modal,,9fadfec71222eccc056fb7ccf360f2bf8dd4d2ba + manifest.json,admin,,Finance,static dialog/tab geometry only,390,100%,Chrome automation,local simulated UI,static dialog/tab geometry only,,finding,F-01,dialog-layout.json,,,,,,,,,,,,,,,,,
DIALOG-046,crm-student-modal,,explicit fixture disclosure; not domain entry proof,crm-student-modal,,9fadfec71222eccc056fb7ccf360f2bf8dd4d2ba + manifest.json,admin,,Identity,static dialog/tab geometry only,390,100%,Chrome automation,local simulated UI,static dialog/tab geometry only,,finding,F-01,dialog-layout.json,,,,,,,,,,,,,,,,,
DIALOG-047,crm-student-modal,,explicit fixture disclosure; not domain entry proof,crm-student-modal,,9fadfec71222eccc056fb7ccf360f2bf8dd4d2ba + manifest.json,admin,,Teaching Sessions,static dialog/tab geometry only,390,100%,Chrome automation,local simulated UI,static dialog/tab geometry only,,finding,F-01,dialog-layout.json,,,,,,,,,,,,,,,,,
DIALOG-048,crm-course-modal,,explicit fixture disclosure; not domain entry proof,crm-course-modal,,9fadfec71222eccc056fb7ccf360f2bf8dd4d2ba + manifest.json,admin,,Info,static dialog/tab geometry only,390,100%,Chrome automation,local simulated UI,static dialog/tab geometry only,,pass,,dialog-layout.json,,,,,,,,,,,,,,,,,
DIALOG-049,crm-course-modal,,explicit fixture disclosure; not domain entry proof,crm-course-modal,,9fadfec71222eccc056fb7ccf360f2bf8dd4d2ba + manifest.json,admin,,Management,static dialog/tab geometry only,390,100%,Chrome automation,local simulated UI,static dialog/tab geometry only,,finding,F-01,dialog-layout.json,,,,,,,,,,,,,,,,,
DIALOG-050,crm-classroom-modal,,explicit fixture disclosure; not domain entry proof,crm-classroom-modal,,9fadfec71222eccc056fb7ccf360f2bf8dd4d2ba + manifest.json,admin,,Settings,static dialog/tab geometry only,390,100%,Chrome automation,local simulated UI,static dialog/tab geometry only,,pass,,dialog-layout.json,,,,,,,,,,,,,,,,,
DIALOG-051,crm-classroom-modal,,explicit fixture disclosure; not domain entry proof,crm-classroom-modal,,9fadfec71222eccc056fb7ccf360f2bf8dd4d2ba + manifest.json,admin,,Scheduling,static dialog/tab geometry only,390,100%,Chrome automation,local simulated UI,static dialog/tab geometry only,,finding,F-01,dialog-layout.json,,,,,,,,,,,,,,,,,
DIALOG-052,crm-classroom-modal,,explicit fixture disclosure; not domain entry proof,crm-classroom-modal,,9fadfec71222eccc056fb7ccf360f2bf8dd4d2ba + manifest.json,admin,,Attendance,static dialog/tab geometry only,390,100%,Chrome automation,local simulated UI,static dialog/tab geometry only,,finding,F-01,dialog-layout.json,,,,,,,,,,,,,,,,,
DIALOG-053,crm-classroom-modal,,explicit fixture disclosure; not domain entry proof,crm-classroom-modal,,9fadfec71222eccc056fb7ccf360f2bf8dd4d2ba + manifest.json,admin,,Stream,static dialog/tab geometry only,390,100%,Chrome automation,local simulated UI,static dialog/tab geometry only,,finding,F-01,dialog-layout.json,,,,,,,,,,,,,,,,,
DIALOG-054,crm-classroom-modal,,explicit fixture disclosure; not domain entry proof,crm-classroom-modal,,9fadfec71222eccc056fb7ccf360f2bf8dd4d2ba + manifest.json,admin,,Modules,static dialog/tab geometry only,390,100%,Chrome automation,local simulated UI,static dialog/tab geometry only,,pass,,dialog-layout.json,,,,,,,,,,,,,,,,,
DIALOG-055,crm-classroom-modal,,explicit fixture disclosure; not domain entry proof,crm-classroom-modal,,9fadfec71222eccc056fb7ccf360f2bf8dd4d2ba + manifest.json,admin,,Classwork,static dialog/tab geometry only,390,100%,Chrome automation,local simulated UI,static dialog/tab geometry only,,pass,,dialog-layout.json,,,,,,,,,,,,,,,,,
DIALOG-056,crm-classroom-modal,,explicit fixture disclosure; not domain entry proof,crm-classroom-modal,,9fadfec71222eccc056fb7ccf360f2bf8dd4d2ba + manifest.json,admin,,Review Board,static dialog/tab geometry only,390,100%,Chrome automation,local simulated UI,static dialog/tab geometry only,,pass,,dialog-layout.json,,,,,,,,,,,,,,,,,
DIALOG-057,scheduler-action-modal,,explicit fixture disclosure; not domain entry proof,scheduler-action-modal,,9fadfec71222eccc056fb7ccf360f2bf8dd4d2ba + manifest.json,admin,,initial,static dialog/tab geometry only,390,100%,Chrome automation,local simulated UI,static dialog/tab geometry only,,pass,,dialog-layout.json,,,,,,,,,,,,,,,,,
DIALOG-058,bulk-delete-warning-modal,,explicit fixture disclosure; not domain entry proof,bulk-delete-warning-modal,,9fadfec71222eccc056fb7ccf360f2bf8dd4d2ba + manifest.json,admin,,initial,static dialog/tab geometry only,390,100%,Chrome automation,local simulated UI,static dialog/tab geometry only,,pass,,dialog-layout.json,,,,,,,,,,,,,,,,,
DIALOG-059,crm-teaching-session-modal,,explicit fixture disclosure; not domain entry proof,crm-teaching-session-modal,,9fadfec71222eccc056fb7ccf360f2bf8dd4d2ba + manifest.json,admin,,initial,static dialog/tab geometry only,390,100%,Chrome automation,local simulated UI,static dialog/tab geometry only,,pass,,dialog-layout.json,,,,,,,,,,,,,,,,,
DIALOG-060,crm-books-mindmap-modal,,explicit fixture disclosure; not domain entry proof,crm-books-mindmap-modal,,9fadfec71222eccc056fb7ccf360f2bf8dd4d2ba + manifest.json,admin,,initial,static dialog/tab geometry only,390,100%,Chrome automation,local simulated UI,static dialog/tab geometry only,,finding,F-02,dialog-layout.json,,,,,,,,,,,,,,,,,
DIALOG-061,crm-student-modal,,explicit fixture disclosure; not domain entry proof,crm-student-modal,,9fadfec71222eccc056fb7ccf360f2bf8dd4d2ba + manifest.json,admin,,Info,static dialog/tab geometry only,360,100%,Chrome automation,local simulated UI,static dialog/tab geometry only,,finding,F-01,dialog-layout.json,,,,,,,,,,,,,,,,,
DIALOG-062,crm-student-modal,,explicit fixture disclosure; not domain entry proof,crm-student-modal,,9fadfec71222eccc056fb7ccf360f2bf8dd4d2ba + manifest.json,admin,,Learning Profile,static dialog/tab geometry only,360,100%,Chrome automation,local simulated UI,static dialog/tab geometry only,,finding,F-01,dialog-layout.json,,,,,,,,,,,,,,,,,
DIALOG-063,crm-student-modal,,explicit fixture disclosure; not domain entry proof,crm-student-modal,,9fadfec71222eccc056fb7ccf360f2bf8dd4d2ba + manifest.json,admin,,Student 360,static dialog/tab geometry only,360,100%,Chrome automation,local simulated UI,static dialog/tab geometry only,,pass,,dialog-layout.json,,,,,,,,,,,,,,,,,
DIALOG-064,crm-student-modal,,explicit fixture disclosure; not domain entry proof,crm-student-modal,,9fadfec71222eccc056fb7ccf360f2bf8dd4d2ba + manifest.json,admin,,Courses,static dialog/tab geometry only,360,100%,Chrome automation,local simulated UI,static dialog/tab geometry only,,finding,F-01,dialog-layout.json,,,,,,,,,,,,,,,,,
DIALOG-065,crm-student-modal,,explicit fixture disclosure; not domain entry proof,crm-student-modal,,9fadfec71222eccc056fb7ccf360f2bf8dd4d2ba + manifest.json,admin,,Finance,static dialog/tab geometry only,360,100%,Chrome automation,local simulated UI,static dialog/tab geometry only,,finding,F-01,dialog-layout.json,,,,,,,,,,,,,,,,,
DIALOG-066,crm-student-modal,,explicit fixture disclosure; not domain entry proof,crm-student-modal,,9fadfec71222eccc056fb7ccf360f2bf8dd4d2ba + manifest.json,admin,,Identity,static dialog/tab geometry only,360,100%,Chrome automation,local simulated UI,static dialog/tab geometry only,,finding,F-01,dialog-layout.json,,,,,,,,,,,,,,,,,
DIALOG-067,crm-student-modal,,explicit fixture disclosure; not domain entry proof,crm-student-modal,,9fadfec71222eccc056fb7ccf360f2bf8dd4d2ba + manifest.json,admin,,Teaching Sessions,static dialog/tab geometry only,360,100%,Chrome automation,local simulated UI,static dialog/tab geometry only,,finding,F-01,dialog-layout.json,,,,,,,,,,,,,,,,,
DIALOG-068,crm-course-modal,,explicit fixture disclosure; not domain entry proof,crm-course-modal,,9fadfec71222eccc056fb7ccf360f2bf8dd4d2ba + manifest.json,admin,,Info,static dialog/tab geometry only,360,100%,Chrome automation,local simulated UI,static dialog/tab geometry only,,pass,,dialog-layout.json,,,,,,,,,,,,,,,,,
DIALOG-069,crm-course-modal,,explicit fixture disclosure; not domain entry proof,crm-course-modal,,9fadfec71222eccc056fb7ccf360f2bf8dd4d2ba + manifest.json,admin,,Management,static dialog/tab geometry only,360,100%,Chrome automation,local simulated UI,static dialog/tab geometry only,,finding,F-01,dialog-layout.json,,,,,,,,,,,,,,,,,
DIALOG-070,crm-classroom-modal,,explicit fixture disclosure; not domain entry proof,crm-classroom-modal,,9fadfec71222eccc056fb7ccf360f2bf8dd4d2ba + manifest.json,admin,,Settings,static dialog/tab geometry only,360,100%,Chrome automation,local simulated UI,static dialog/tab geometry only,,pass,,dialog-layout.json,,,,,,,,,,,,,,,,,
DIALOG-071,crm-classroom-modal,,explicit fixture disclosure; not domain entry proof,crm-classroom-modal,,9fadfec71222eccc056fb7ccf360f2bf8dd4d2ba + manifest.json,admin,,Scheduling,static dialog/tab geometry only,360,100%,Chrome automation,local simulated UI,static dialog/tab geometry only,,finding,F-01,dialog-layout.json,,,,,,,,,,,,,,,,,
DIALOG-072,crm-classroom-modal,,explicit fixture disclosure; not domain entry proof,crm-classroom-modal,,9fadfec71222eccc056fb7ccf360f2bf8dd4d2ba + manifest.json,admin,,Attendance,static dialog/tab geometry only,360,100%,Chrome automation,local simulated UI,static dialog/tab geometry only,,finding,F-01,dialog-layout.json,,,,,,,,,,,,,,,,,
DIALOG-073,crm-classroom-modal,,explicit fixture disclosure; not domain entry proof,crm-classroom-modal,,9fadfec71222eccc056fb7ccf360f2bf8dd4d2ba + manifest.json,admin,,Stream,static dialog/tab geometry only,360,100%,Chrome automation,local simulated UI,static dialog/tab geometry only,,finding,F-01,dialog-layout.json,,,,,,,,,,,,,,,,,
DIALOG-074,crm-classroom-modal,,explicit fixture disclosure; not domain entry proof,crm-classroom-modal,,9fadfec71222eccc056fb7ccf360f2bf8dd4d2ba + manifest.json,admin,,Modules,static dialog/tab geometry only,360,100%,Chrome automation,local simulated UI,static dialog/tab geometry only,,finding,F-01,dialog-layout.json,,,,,,,,,,,,,,,,,
DIALOG-075,crm-classroom-modal,,explicit fixture disclosure; not domain entry proof,crm-classroom-modal,,9fadfec71222eccc056fb7ccf360f2bf8dd4d2ba + manifest.json,admin,,Classwork,static dialog/tab geometry only,360,100%,Chrome automation,local simulated UI,static dialog/tab geometry only,,finding,F-01,dialog-layout.json,,,,,,,,,,,,,,,,,
DIALOG-076,crm-classroom-modal,,explicit fixture disclosure; not domain entry proof,crm-classroom-modal,,9fadfec71222eccc056fb7ccf360f2bf8dd4d2ba + manifest.json,admin,,Review Board,static dialog/tab geometry only,360,100%,Chrome automation,local simulated UI,static dialog/tab geometry only,,pass,,dialog-layout.json,,,,,,,,,,,,,,,,,
DIALOG-077,scheduler-action-modal,,explicit fixture disclosure; not domain entry proof,scheduler-action-modal,,9fadfec71222eccc056fb7ccf360f2bf8dd4d2ba + manifest.json,admin,,initial,static dialog/tab geometry only,360,100%,Chrome automation,local simulated UI,static dialog/tab geometry only,,pass,,dialog-layout.json,,,,,,,,,,,,,,,,,
DIALOG-078,bulk-delete-warning-modal,,explicit fixture disclosure; not domain entry proof,bulk-delete-warning-modal,,9fadfec71222eccc056fb7ccf360f2bf8dd4d2ba + manifest.json,admin,,initial,static dialog/tab geometry only,360,100%,Chrome automation,local simulated UI,static dialog/tab geometry only,,pass,,dialog-layout.json,,,,,,,,,,,,,,,,,
DIALOG-079,crm-teaching-session-modal,,explicit fixture disclosure; not domain entry proof,crm-teaching-session-modal,,9fadfec71222eccc056fb7ccf360f2bf8dd4d2ba + manifest.json,admin,,initial,static dialog/tab geometry only,360,100%,Chrome automation,local simulated UI,static dialog/tab geometry only,,finding,F-01,dialog-layout.json,,,,,,,,,,,,,,,,,
DIALOG-080,crm-books-mindmap-modal,,explicit fixture disclosure; not domain entry proof,crm-books-mindmap-modal,,9fadfec71222eccc056fb7ccf360f2bf8dd4d2ba + manifest.json,admin,,initial,static dialog/tab geometry only,360,100%,Chrome automation,local simulated UI,static dialog/tab geometry only,,finding,F-02,dialog-layout.json,,,,,,,,,,,,,,,,,
DIALOG-081,crm-student-modal,,explicit fixture disclosure; not domain entry proof,crm-student-modal,,9fadfec71222eccc056fb7ccf360f2bf8dd4d2ba + manifest.json,admin,,Info,static dialog/tab geometry only,844,100%,Chrome automation,local simulated UI,static dialog/tab geometry only,,pass,,dialog-layout.json,,,,,,,,,,,,,,,,,
DIALOG-082,crm-student-modal,,explicit fixture disclosure; not domain entry proof,crm-student-modal,,9fadfec71222eccc056fb7ccf360f2bf8dd4d2ba + manifest.json,admin,,Learning Profile,static dialog/tab geometry only,844,100%,Chrome automation,local simulated UI,static dialog/tab geometry only,,pass,,dialog-layout.json,,,,,,,,,,,,,,,,,
DIALOG-083,crm-student-modal,,explicit fixture disclosure; not domain entry proof,crm-student-modal,,9fadfec71222eccc056fb7ccf360f2bf8dd4d2ba + manifest.json,admin,,Student 360,static dialog/tab geometry only,844,100%,Chrome automation,local simulated UI,static dialog/tab geometry only,,pass,,dialog-layout.json,,,,,,,,,,,,,,,,,
DIALOG-084,crm-student-modal,,explicit fixture disclosure; not domain entry proof,crm-student-modal,,9fadfec71222eccc056fb7ccf360f2bf8dd4d2ba + manifest.json,admin,,Courses,static dialog/tab geometry only,844,100%,Chrome automation,local simulated UI,static dialog/tab geometry only,,pass,,dialog-layout.json,,,,,,,,,,,,,,,,,
DIALOG-085,crm-student-modal,,explicit fixture disclosure; not domain entry proof,crm-student-modal,,9fadfec71222eccc056fb7ccf360f2bf8dd4d2ba + manifest.json,admin,,Finance,static dialog/tab geometry only,844,100%,Chrome automation,local simulated UI,static dialog/tab geometry only,,pass,,dialog-layout.json,,,,,,,,,,,,,,,,,
DIALOG-086,crm-student-modal,,explicit fixture disclosure; not domain entry proof,crm-student-modal,,9fadfec71222eccc056fb7ccf360f2bf8dd4d2ba + manifest.json,admin,,Identity,static dialog/tab geometry only,844,100%,Chrome automation,local simulated UI,static dialog/tab geometry only,,pass,,dialog-layout.json,,,,,,,,,,,,,,,,,
DIALOG-087,crm-student-modal,,explicit fixture disclosure; not domain entry proof,crm-student-modal,,9fadfec71222eccc056fb7ccf360f2bf8dd4d2ba + manifest.json,admin,,Teaching Sessions,static dialog/tab geometry only,844,100%,Chrome automation,local simulated UI,static dialog/tab geometry only,,pass,,dialog-layout.json,,,,,,,,,,,,,,,,,
DIALOG-088,crm-course-modal,,explicit fixture disclosure; not domain entry proof,crm-course-modal,,9fadfec71222eccc056fb7ccf360f2bf8dd4d2ba + manifest.json,admin,,Info,static dialog/tab geometry only,844,100%,Chrome automation,local simulated UI,static dialog/tab geometry only,,pass,,dialog-layout.json,,,,,,,,,,,,,,,,,
DIALOG-089,crm-course-modal,,explicit fixture disclosure; not domain entry proof,crm-course-modal,,9fadfec71222eccc056fb7ccf360f2bf8dd4d2ba + manifest.json,admin,,Management,static dialog/tab geometry only,844,100%,Chrome automation,local simulated UI,static dialog/tab geometry only,,pass,,dialog-layout.json,,,,,,,,,,,,,,,,,
DIALOG-090,crm-classroom-modal,,explicit fixture disclosure; not domain entry proof,crm-classroom-modal,,9fadfec71222eccc056fb7ccf360f2bf8dd4d2ba + manifest.json,admin,,Settings,static dialog/tab geometry only,844,100%,Chrome automation,local simulated UI,static dialog/tab geometry only,,pass,,dialog-layout.json,,,,,,,,,,,,,,,,,
DIALOG-091,crm-classroom-modal,,explicit fixture disclosure; not domain entry proof,crm-classroom-modal,,9fadfec71222eccc056fb7ccf360f2bf8dd4d2ba + manifest.json,admin,,Scheduling,static dialog/tab geometry only,844,100%,Chrome automation,local simulated UI,static dialog/tab geometry only,,pass,,dialog-layout.json,,,,,,,,,,,,,,,,,
DIALOG-092,crm-classroom-modal,,explicit fixture disclosure; not domain entry proof,crm-classroom-modal,,9fadfec71222eccc056fb7ccf360f2bf8dd4d2ba + manifest.json,admin,,Attendance,static dialog/tab geometry only,844,100%,Chrome automation,local simulated UI,static dialog/tab geometry only,,pass,,dialog-layout.json,,,,,,,,,,,,,,,,,
DIALOG-093,crm-classroom-modal,,explicit fixture disclosure; not domain entry proof,crm-classroom-modal,,9fadfec71222eccc056fb7ccf360f2bf8dd4d2ba + manifest.json,admin,,Stream,static dialog/tab geometry only,844,100%,Chrome automation,local simulated UI,static dialog/tab geometry only,,pass,,dialog-layout.json,,,,,,,,,,,,,,,,,
DIALOG-094,crm-classroom-modal,,explicit fixture disclosure; not domain entry proof,crm-classroom-modal,,9fadfec71222eccc056fb7ccf360f2bf8dd4d2ba + manifest.json,admin,,Modules,static dialog/tab geometry only,844,100%,Chrome automation,local simulated UI,static dialog/tab geometry only,,pass,,dialog-layout.json,,,,,,,,,,,,,,,,,
DIALOG-095,crm-classroom-modal,,explicit fixture disclosure; not domain entry proof,crm-classroom-modal,,9fadfec71222eccc056fb7ccf360f2bf8dd4d2ba + manifest.json,admin,,Classwork,static dialog/tab geometry only,844,100%,Chrome automation,local simulated UI,static dialog/tab geometry only,,pass,,dialog-layout.json,,,,,,,,,,,,,,,,,
DIALOG-096,crm-classroom-modal,,explicit fixture disclosure; not domain entry proof,crm-classroom-modal,,9fadfec71222eccc056fb7ccf360f2bf8dd4d2ba + manifest.json,admin,,Review Board,static dialog/tab geometry only,844,100%,Chrome automation,local simulated UI,static dialog/tab geometry only,,pass,,dialog-layout.json,,,,,,,,,,,,,,,,,
DIALOG-097,scheduler-action-modal,,explicit fixture disclosure; not domain entry proof,scheduler-action-modal,,9fadfec71222eccc056fb7ccf360f2bf8dd4d2ba + manifest.json,admin,,initial,static dialog/tab geometry only,844,100%,Chrome automation,local simulated UI,static dialog/tab geometry only,,pass,,dialog-layout.json,,,,,,,,,,,,,,,,,
DIALOG-098,bulk-delete-warning-modal,,explicit fixture disclosure; not domain entry proof,bulk-delete-warning-modal,,9fadfec71222eccc056fb7ccf360f2bf8dd4d2ba + manifest.json,admin,,initial,static dialog/tab geometry only,844,100%,Chrome automation,local simulated UI,static dialog/tab geometry only,,pass,,dialog-layout.json,,,,,,,,,,,,,,,,,
DIALOG-099,crm-teaching-session-modal,,explicit fixture disclosure; not domain entry proof,crm-teaching-session-modal,,9fadfec71222eccc056fb7ccf360f2bf8dd4d2ba + manifest.json,admin,,initial,static dialog/tab geometry only,844,100%,Chrome automation,local simulated UI,static dialog/tab geometry only,,pass,,dialog-layout.json,,,,,,,,,,,,,,,,,
DIALOG-100,crm-books-mindmap-modal,,explicit fixture disclosure; not domain entry proof,crm-books-mindmap-modal,,9fadfec71222eccc056fb7ccf360f2bf8dd4d2ba + manifest.json,admin,,initial,static dialog/tab geometry only,844,100%,Chrome automation,local simulated UI,static dialog/tab geometry only,,finding,F-02,dialog-layout.json,,,,,,,,,,,,,,,,,
ACCESS-teacher-1,Shell access,#courses/teacher-schedule,,,,9fadfec71222eccc056fb7ccf360f2bf8dd4d2ba + manifest.json,teacher,,,gate/redirect or hash confinement,,100%,Chrome automation,local simulated UI,CRM gate/route boundary only; destination login shell not covered,,pass,,access-teacher.json,,,,,,,,,,,,,,,,,
ACCESS-teacher-2,Shell access,#courses/teacher-schedule,,,,9fadfec71222eccc056fb7ccf360f2bf8dd4d2ba + manifest.json,teacher,,,gate/redirect or hash confinement,,100%,Chrome automation,local simulated UI,CRM gate/route boundary only; destination login shell not covered,,pass,,access-teacher.json,,,,,,,,,,,,,,,,,
ACCESS-teacher-3,Shell access,#courses/teacher-schedule,,,,9fadfec71222eccc056fb7ccf360f2bf8dd4d2ba + manifest.json,teacher,,,gate/redirect or hash confinement,,100%,Chrome automation,local simulated UI,CRM gate/route boundary only; destination login shell not covered,,pass,,access-teacher.json,,,,,,,,,,,,,,,,,
ACCESS-teacher-4,Shell access,#courses/teacher-schedule,,,,9fadfec71222eccc056fb7ccf360f2bf8dd4d2ba + manifest.json,teacher,,,gate/redirect or hash confinement,,100%,Chrome automation,local simulated UI,CRM gate/route boundary only; destination login shell not covered,,pass,,access-teacher.json,,,,,,,,,,,,,,,,,
ACCESS-teacher-5,Shell access,#courses/teacher-schedule,,,,9fadfec71222eccc056fb7ccf360f2bf8dd4d2ba + manifest.json,teacher,,,gate/redirect or hash confinement,,100%,Chrome automation,local simulated UI,CRM gate/route boundary only; destination login shell not covered,,pass,,access-teacher.json,,,,,,,,,,,,,,,,,
ACCESS-teacher-6,Shell access,#courses/teacher-schedule,,,,9fadfec71222eccc056fb7ccf360f2bf8dd4d2ba + manifest.json,teacher,,,gate/redirect or hash confinement,,100%,Chrome automation,local simulated UI,CRM gate/route boundary only; destination login shell not covered,,pass,,access-teacher.json,,,,,,,,,,,,,,,,,
ACCESS-denied-1,Shell access,,,,,9fadfec71222eccc056fb7ccf360f2bf8dd4d2ba + manifest.json,denied,,,gate/redirect or hash confinement,,100%,Chrome automation,local simulated UI,CRM gate/route boundary only; destination login shell not covered,,pass,,access-denied.json,,,,,,,,,,,,,,,,,
ACCESS-denied-2,Shell access,https://betterenglishlearning.com/index.html,,,,9fadfec71222eccc056fb7ccf360f2bf8dd4d2ba + manifest.json,denied,,,gate/redirect or hash confinement,,100%,Chrome automation,local simulated UI,CRM gate/route boundary only; destination login shell not covered,,pass,,access-denied.json,,,,,,,,,,,,,,,,,
ACCESS-signedout-1,Shell access,,,,,9fadfec71222eccc056fb7ccf360f2bf8dd4d2ba + manifest.json,signedout,,,gate/redirect or hash confinement,,100%,Chrome automation,local simulated UI,CRM gate/route boundary only; destination login shell not covered,,pass,,access-signedout.json,,,,,,,,,,,,,,,,,
ACCESS-signedout-2,Shell access,https://betterenglishlearning.com/index.html?next=%2Fcrm-admin.html%23staff,,,,9fadfec71222eccc056fb7ccf360f2bf8dd4d2ba + manifest.json,signedout,,,gate/redirect or hash confinement,,100%,Chrome automation,local simulated UI,CRM gate/route boundary only; destination login shell not covered,,pass,,access-signedout.json,,,,,,,,,,,,,,,,,
ACCESS-capability-disabled-1,Shell access,#staff,,,,9fadfec71222eccc056fb7ccf360f2bf8dd4d2ba + manifest.json,capability-disabled,,,gate/redirect or hash confinement,,100%,Chrome automation,local simulated UI,CRM gate/route boundary only; destination login shell not covered,,pass,,access-capability-disabled.json,,,,,,,,,,,,,,,,,
ACCESS-capability-disabled-2,Shell access,#students,,,,9fadfec71222eccc056fb7ccf360f2bf8dd4d2ba + manifest.json,capability-disabled,,,gate/redirect or hash confinement,,100%,Chrome automation,local simulated UI,CRM gate/route boundary only; destination login shell not covered,,pass,,access-capability-disabled.json,,,,,,,,,,,,,,,,,
ACCESS-capability-disabled-3,Shell access,#dashboard,,,,9fadfec71222eccc056fb7ccf360f2bf8dd4d2ba + manifest.json,capability-disabled,,,gate/redirect or hash confinement,,100%,Chrome automation,local simulated UI,CRM gate/route boundary only; destination login shell not covered,,pass,,access-capability-disabled.json,,,,,,,,,,,,,,,,,
ACCESS-capability-disabled-4,Shell access,#dashboard,,,,9fadfec71222eccc056fb7ccf360f2bf8dd4d2ba + manifest.json,capability-disabled,,,gate/redirect or hash confinement,,100%,Chrome automation,local simulated UI,CRM gate/route boundary only; destination login shell not covered,,pass,,access-capability-disabled.json,,,,,,,,,,,,,,,,,
ACCESS-capability-disabled-5,Shell access,#courses/class-management,,,,9fadfec71222eccc056fb7ccf360f2bf8dd4d2ba + manifest.json,capability-disabled,,,gate/redirect or hash confinement,,100%,Chrome automation,local simulated UI,CRM gate/route boundary only; destination login shell not covered,,pass,,access-capability-disabled.json,,,,,,,,,,,,,,,,,
ACCESS-capability-disabled-6,Shell access,#courses/teacher-schedule,,,,9fadfec71222eccc056fb7ccf360f2bf8dd4d2ba + manifest.json,capability-disabled,,,gate/redirect or hash confinement,,100%,Chrome automation,local simulated UI,CRM gate/route boundary only; destination login shell not covered,,pass,,access-capability-disabled.json,,,,,,,,,,,,,,,,,
FORM-1,Student profile,,#btn-new-student -> #btn-save-student,,,9fadfec71222eccc056fb7ccf360f2bf8dd4d2ba + manifest.json,admin,,,empty validation and failed save retain draft,1440,100%,Chrome automation,local simulated UI,empty validation and failed save retain draft,,pass,,student-form.json,,,,,,,,,,,,,,,,,
FORM-LIVE-1,Student profile,,,,,9fadfec71222eccc056fb7ccf360f2bf8dd4d2ba + manifest.json,admin,,,error announcement semantics,1440,100%,Chrome automation,local simulated UI,error announcement semantics,,finding,F-04,student-form.json,,,,,,,,,,,,,,,,,
FORM-2,Student profile,,#btn-new-student -> #btn-save-student,,,9fadfec71222eccc056fb7ccf360f2bf8dd4d2ba + manifest.json,admin,,,empty validation and failed save retain draft,390,100%,Chrome automation,local simulated UI,empty validation and failed save retain draft,,pass,,student-form.json,,,,,,,,,,,,,,,,,
FORM-LIVE-2,Student profile,,,,,9fadfec71222eccc056fb7ccf360f2bf8dd4d2ba + manifest.json,admin,,,error announcement semantics,390,100%,Chrome automation,local simulated UI,error announcement semantics,,finding,F-04,student-form.json,,,,,,,,,,,,,,,,,
SPEC-01,Pronunciation dual arena,,,,,9fadfec71222eccc056fb7ccf360f2bf8dd4d2ba + manifest.json,admin,,,Synthetic audio and analysis fixtures; not physical mic or accuracy proof,,100%,Chrome automation,local simulated UI,Synthetic audio and analysis fixtures; not physical mic or accuracy proof,,pass,,pronunciation.txt,,,,,,,,,,,,,,,,,
SPEC-02,Student deep links,,,,,9fadfec71222eccc056fb7ccf360f2bf8dd4d2ba + manifest.json,admin,,,Existing component fixture,,100%,Chrome automation,local simulated UI,Existing component fixture,,pass,,student-hash.txt,,,,,,,,,,,,,,,,,
SPEC-03,Books mind map,,,,,9fadfec71222eccc056fb7ccf360f2bf8dd4d2ba + manifest.json,admin,,,Existing component/citation fixture,,100%,Chrome automation,local simulated UI,Existing component/citation fixture,,pass,,books-mindmap.txt,,,,,,,,,,,,,,,,,
SPEC-04,Books revision,,,,,9fadfec71222eccc056fb7ccf360f2bf8dd4d2ba + manifest.json,admin,,,Original legacy assertion expects obsolete corruption; diagnostic later OCR assertions pass,,100%,Chrome automation,local simulated UI,Original legacy assertion expects obsolete corruption; diagnostic later OCR assertions pass,,finding,TEST-STALE,books-revision.txt,,,,,,,,,,,,,,,,,
SPEC-05,Segmentation study,,,,,9fadfec71222eccc056fb7ccf360f2bf8dd4d2ba + manifest.json,admin,,,Requested workspace markup absent throughout this baseline public HTML/JS; controller remains orphaned; no waveform pass,,100%,Chrome automation,local simulated UI,Requested workspace markup absent throughout this baseline public HTML/JS; controller remains orphaned; no waveform pass,,not-applicable,,segmentation.txt,,,,,,,,,,,,,,,,,
SPEC-06,Student courses,,,,,9fadfec71222eccc056fb7ccf360f2bf8dd4d2ba + manifest.json,admin,,,Original mock omits canonical push-forward flags; contract-adapted remaining assertions pass,,100%,Chrome automation,local simulated UI,Original mock omits canonical push-forward flags; contract-adapted remaining assertions pass,,finding,TEST-STALE,student-courses.txt,,,,,,,,,,,,,,,,,
SPEC-07,Scheduler client,,,,,9fadfec71222eccc056fb7ccf360f2bf8dd4d2ba + manifest.json,admin,,,Original completed-session fixture is outside current week; frozen fixture date passes,,100%,Chrome automation,local simulated UI,Original completed-session fixture is outside current week; frozen fixture date passes,,finding,TEST-STALE,adjacent-contracts.txt,,,,,,,,,,,,,,,,,
SPEC-08,Essay AI controls,,,,,9fadfec71222eccc056fb7ccf360f2bf8dd4d2ba + manifest.json,admin,,,"Component fixture; sendFile adapted for .codex hidden ancestor, no real scoring",,100%,Chrome automation,local simulated UI,"Component fixture; sendFile adapted for .codex hidden ancestor, no real scoring",,pass,,specialist.cjs,,,,,,,,,,,,,,,,,
PERSIST-1,Projects,,,crmProjects/remote-browser-1788857576532/tasks/t,,owner candidate9de84120; GET independently verified,admin,,,preserved record independent GET,,100%,Chrome automation,local persisted administrative read; not app ACL proof,preserved record independent GET,,pass,,projects-independent-read.json,,,,,,,,,,,,,,,,,
PERSIST-2,Projects,,,crmProjectMembers/WyJyZW1vdGUtYnJvd3Nlci0xNzg4ODU3NTc2NTMyIiwiY3JtLXByb2plY3RzLXN0YWZmLWVkaXRvciJd,,owner candidate9de84120; GET independently verified,admin,,,preserved record independent GET,,100%,Chrome automation,local persisted administrative read; not app ACL proof,preserved record independent GET,,pass,,projects-independent-read.json,,,,,,,,,,,,,,,,,
PERSIST-3,Projects,,,crmProjects/remote-browser-1788857576532/changeHeads/0,,owner candidate9de84120; GET independently verified,admin,,,preserved record independent GET,,100%,Chrome automation,local persisted administrative read; not app ACL proof,preserved record independent GET,,pass,,projects-independent-read.json,,,,,,,,,,,,,,,,,
FIX-VOICE,Voice studio,,,,,9fadfec71222eccc056fb7ccf360f2bf8dd4d2ba + manifest.json,admin,,,latest/error terminal state regression,,100%,Chrome automation,local simulated UI,latest/error terminal state regression,,pass,F-05,../voice-error-feedback,,,,,,,,,,,,,,,,,
FIX-DASH,Dashboard,,,,,9fadfec71222eccc056fb7ccf360f2bf8dd4d2ba + manifest.json,admin,,,latest/error terminal state regression,,100%,Chrome automation,local simulated UI,latest/error terminal state regression,,pass,F-06,../refresh-order,,,,,,,,,,,,,,,,,
FIX-AGENT,Agents,,,,,9fadfec71222eccc056fb7ccf360f2bf8dd4d2ba + manifest.json,admin,,,latest/error terminal state regression,,100%,Chrome automation,local simulated UI,latest/error terminal state regression,,pass,F-06,../refresh-order,,,,,,,,,,,,,,,,,
BLOCK-196,Integrated CRM / Projects / data input,,,,,9fadfec71222eccc056fb7ccf360f2bf8dd4d2ba + manifest.json,admin,,,integrated acceptance,,100%,Chrome automation,unavailable integration,integrated acceptance,,blocked,,owner coordination,integration coordinator / feature owner,Transferred combined runtime/role/persisted acceptance to integration coordinator; UI25/UI26 newly handed off. Owner-reported acceptance is not imported as independently verified here.,,,,,,,,,,,,,,,
BLOCK-197,Projects role by view,,,,,9fadfec71222eccc056fb7ccf360f2bf8dd4d2ba + manifest.json,admin,,,integrated acceptance,,100%,Chrome automation,unavailable integration,integrated acceptance,,blocked,,owner coordination,integration coordinator / feature owner,Transferred combined runtime/role/persisted acceptance to integration coordinator; UI25/UI26 newly handed off. Owner-reported acceptance is not imported as independently verified here.,,,,,,,,,,,,,,,
BLOCK-198,Cross-workflow persisted finance / enquiry / student,,,,,9fadfec71222eccc056fb7ccf360f2bf8dd4d2ba + manifest.json,admin,,,integrated acceptance,,100%,Chrome automation,unavailable integration,integrated acceptance,,blocked,,owner coordination,integration coordinator / feature owner,Transferred combined runtime/role/persisted acceptance to integration coordinator; UI25/UI26 newly handed off. Owner-reported acceptance is not imported as independently verified here.,,,,,,,,,,,,,,,
BLOCK-199,Physical recording and native provider UI,,,,,9fadfec71222eccc056fb7ccf360f2bf8dd4d2ba + manifest.json,admin,,,integrated acceptance,,100%,Chrome automation,unavailable integration,integrated acceptance,,blocked,,owner coordination,integration/feature owner,Physical-device user interaction/provider-backed execution is not represented by synthetic fixtures,,,,,,,,,,,,,,,
BLOCK-200,New payment followup / receipt UI,,,,,9fadfec71222eccc056fb7ccf360f2bf8dd4d2ba + manifest.json,admin,,,integrated acceptance,,100%,Chrome automation,unavailable integration,integrated acceptance,,blocked,,owner coordination,integration coordinator / feature owner,Transferred combined runtime/role/persisted acceptance to integration coordinator; UI25/UI26 newly handed off. Owner-reported acceptance is not imported as independently verified here.,,,,,,,,,,,,,,,
OPEN-201,Student profile,,,,,9fadfec71222eccc056fb7ccf360f2bf8dd4d2ba + manifest.json,admin,,,all finance/identity/360/entrance populated/empty/error/save variants,,100%,Chrome automation,local fixture audit; granular limitations retained,all finance/identity/360/entrance populated/empty/error/save variants,,finding,F-04;F-09;F-10;F-11,remaining-student-profile-audit/student-profile-after.json;remaining-student-profile-audit/error-states/error-states-result.json,,Student360/Identity populated and empty10cases; profile/Identity/Finance/load/save18error cases plusUI20 responsive shell. Audited errors now assigned UI23; persisted successful save and role evidence remain BLOCK196-200.,,,,,,,,,,,,,,,
OPEN-202,Teaching sessions,,,,,9fadfec71222eccc056fb7ccf360f2bf8dd4d2ba + manifest.json,admin,,,populated real diagrams/audio/PDF plus dynamic viewer controls,,100%,Chrome automation,local fixture audit; granular limitations retained,populated real diagrams/audio/PDF plus dynamic viewer controls,,finding,F-12,remaining-teaching-audio-audit/native-controls-mobile-diagnostic.json;remaining-audit/root-shared-teaching-review.json,,"Real jsPDF exports, Mermaid diagram and dynamic viewer checks plus actual native media inputs audited. Mobile docked audio pointer availability defect remains; physical/provider boundary stays BLOCK199.",,,,,,,,,,,,,,,
OPEN-203,Books,,,,,9fadfec71222eccc056fb7ccf360f2bf8dd4d2ba + manifest.json,admin,,,remaining fullscreen/BGM/knowledge graph/bookmarks/compilation and all error/permission variants,,100%,Chrome automation,local fixture audit; granular limitations retained,remaining fullscreen/BGM/knowledge graph/bookmarks/compilation and all error/permission variants,,finding,F-14,remaining-books-secondary-audit/books-secondary-after.json;books-compilation-graph-fix/focused-result.json,,Remaining fullscreen/BGM/bookmarks/highlights/compilation/Graph controls audited in local fixtures. BGM resolvedUI21; compilation/Graph denial/retry resolvedUI22. Mobile highlight pointer interference remains; real ACL/persistence is main-owned.,,,,,,,,,,,,,,,
OPEN-204,Shell and shared controls,,,,,9fadfec71222eccc056fb7ccf360f2bf8dd4d2ba + manifest.json,admin,,,full keyboard/contrast/target-size audit across every control family,,100%,Chrome automation,local fixture audit; granular limitations retained,full keyboard/contrast/target-size audit across every control family,,finding,F-03;F-04;F-13,remaining-shared-controls-audit/open204-shared-controls.json;remaining-audit/root-shared-teaching-review.json,,Shared18route/viewport cases inventory321control instances and34representative keyboard activations; Student/modal/native families have separate evidence. Findings retained rather than falsely classified untested. Not full WCAG certification.,,,,,,,,,,,,,,,
OPEN-205,Practice platform,,,,,9fadfec71222eccc056fb7ccf360f2bf8dd4d2ba + manifest.json,admin,,,Assigned remaining local question/result controls completed; physical/provider boundary remains BLOCK-199,,100%,Chrome automation,local fixture audit; granular limitations retained,"Six listening and seven speaking/notes local flow families; Notes is typed, not recording",,pass,,remaining-speaking-ra-20260908/read-aloud-result.json;remaining-speaking-ra-20260908/read-aloud-mobile-result.json;remaining-speaking-rts-20260908/root-result.json;remaining-speaking-sgd-20260908/root-result.json;remaining-speaking-notes-20260908/root-result.json;remaining-speaking-repeat-sentence-20260908/root-result.json;remaining-speaking-asq-20260908/asq-desktop-result.json;remaining-speaking-asq-20260908/asq-mobile-result.json;final-bounded-remediation/describe-image-final/describe-image-after-v5.json;remaining-listening-sst-20260908/root-result.json;remaining-listening-lmcsa-20260908/run-desktop-v2/lmcsa-desktop1440x900.json;remaining-listening-lmcsa-20260908/run-mobile-v2/lmcsa-mobile390x844.json;remaining-listening-four-20260908/run-lmcma-desktop-v2/lmcma-desktop1440x900.json;remaining-listening-four-20260908/run-lmcma-mobile-v2/lmcma-mobile390x844.json;remaining-listening-four-20260908/run-smw-desktop/smw-desktop1440x900.json;remaining-listening-four-20260908/run-smw-mobile/smw-mobile390x844.json;remaining-listening-four-20260908/run-hiw-desktop-v2/hiw-desktop1440x900.json;remaining-listening-four-20260908/run-hiw-mobile-v2/hiw-mobile390x844.json;remaining-listening-four-20260908/run-hcs-desktop/hcs-desktop1440x900.json;remaining-listening-four-20260908/run-hcs-mobile/hcs-mobile390x844.json,,,,"planned; setup failures and seven-flow inventory were historical, preserved in prior checkpoint",,,,,,,,,,,,,
LATE-207,Teaching PDF,,,,,sealed UI18,synthetic admin,,,"3real PDF exports; short, English and Vietnamese wrap checks",,100%,installed Chrome automation,local fixture; no production/provider or persisted-role claim,"3real PDF exports; short, English and Vietnamese wrap checks",,pass,,supplemental-ui/package-run-20260908T100833Z/supplemental-manifest.json,,,,,,,,,,,,,,,,,
LATE-208,Teaching diagram,,,,,receipt-bound source; UI18,synthetic admin,,,"Real Mermaid27labels0clipped,14nodes; dynamic viewer16width cases",,100%,installed Chrome automation,local fixture; no production/provider or persisted-role claim,"Real Mermaid27labels0clipped,14nodes; dynamic viewer16width cases",,pass,,remaining-audit/teaching-viewer.txt,,,,,,,,,,,,,,,,,
LATE-209,Books fullscreen,,,,,sealed UI18,synthetic admin,,,"Focus entry/return,56Tab cycles,Escape,inert siblings,rapid reopen",1440;390,100%,installed Chrome automation,local fixture; no production/provider or persisted-role claim,"Focus entry/return,56Tab cycles,Escape,inert siblings,rapid reopen",,pass,,supplemental-ui/package-run-20260908T100833Z/supplemental-manifest.json,,,,,,,,,,,,,,,,,
LATE-210,Books mind map,,,,,sealed UI19,synthetic admin,,,"Mobile toolbar,Close/Export and keyboard recovery",,100%,installed Chrome automation,local fixture; no production/provider or persisted-role claim,"Mobile toolbar,Close/Export and keyboard recovery",,pass,F-02,mobile-controls/package-run-20260908T111330Z/ui19-manifest.json,,,,,,,,,,,,,,,,,
LATE-211,Practice history,,,,,sealed UI19,synthetic admin,,,"68focused assertions: nested modal,Close,native traversal,opener recovery",,100%,installed Chrome automation,local fixture; no production/provider or persisted-role claim,"68focused assertions: nested modal,Close,native traversal,opener recovery",,pass,,mobile-controls/package-run-20260908T111330Z/ui19-manifest.json,,,,,,,,,,,,,,,,,
LATE-212,Student profile,,,,,sealed UI20,synthetic admin,,,Five responsive widths; actual tab/Finance/Identity child bounds,360;390;768;1024;1440,100%,installed Chrome automation,local fixture; no production/provider or persisted-role claim,Five responsive widths; actual tab/Finance/Identity child bounds,,pass,F-01,student-mobile-shell/package-run-20260908T114435Z/ui20-manifest.json,,,,,,,,,,,,,,,,,
LATE-213,Books BGM,,,,,sealed UI21,synthetic admin,,,12populated/empty/error/fallback/retry/stale lifecycle cases,1440;390,100%,installed Chrome automation,local fixture; no production/provider or persisted-role claim,12populated/empty/error/fallback/retry/stale lifecycle cases,,pass,,books-bgm-fix/books-bgm-final.json;books-bgm-fix/package-run-20260908T121135Z/ui21-manifest.json,,,,,,,,,,,,,,,,,
LATE-214,Books compilation and Graph,,,,,sealed UI22,synthetic admin,,,57assertions pending/403/error/retry/artifact/focus/stale/create/delete,1440;390,100%,installed Chrome automation,local fixture; no production/provider or persisted-role claim,57assertions pending/403/error/retry/artifact/focus/stale/create/delete,,pass,F-07;F-08,books-compilation-graph-fix/focused-result.json;books-compilation-graph-fix/package-run-20260908T125058Z/ui22-manifest.json,,,,,,,,,,,,,,,,,
LATE-215,Student profile,,,,,receipt-bound shell + owner finance fixture,synthetic admin,,,18explicit failed-load/invalid-save/failed-save cases; drafts retained,1440;390,100%,installed Chrome automation,local fixture; no production/provider or persisted-role claim,18explicit failed-load/invalid-save/failed-save cases; drafts retained,,finding,F-04;F-09;F-10;F-11,remaining-student-profile-audit/error-states/error-states-result.json,,,,,,,,,,,,,,,,,
LATE-216,Books secondary controls,,,,,UI21 beforeUI22,synthetic admin,,,6populated/empty/error cases; actual compilation downloads,1440;390,100%,installed Chrome automation,local fixture; no production/provider or persisted-role claim,6populated/empty/error cases; actual compilation downloads,,finding,F-07;F-08;F-14,remaining-books-secondary-audit/books-secondary-after.json,,,,,,,,,,,,,,,,,
LATE-217,Shared control families,,,,,receipt-bound source,synthetic admin,,,"18route-width cases,321control instances,34representative keyboard activations",1440;390,100%,installed Chrome automation,local fixture; no production/provider or persisted-role claim,"18route-width cases,321control instances,34representative keyboard activations",,finding,F-13,remaining-shared-controls-audit/open204-shared-controls.json,,,,,,,,,,,,,,,,,
LATE-218,Teaching native audio,,,,,receipt-bound source,synthetic admin,,,Real local16.72s MP3; native input and timestamp; cramped mobile pointer control,1440;390,100%,installed Chrome automation,local fixture; no production/provider or persisted-role claim,Real local16.72s MP3; native input and timestamp; cramped mobile pointer control,,finding,F-12,remaining-teaching-audio-audit/teaching-audio-after.json;remaining-teaching-audio-audit/native-controls-after.json;remaining-teaching-audio-audit/native-controls-mobile-diagnostic.json,,,,,,,,,,,,,,,,,
LATE-219,Reading question results,,,,,receipt-bound source and pinnedSheetJS0.18.5,synthetic admin,,,RMCSA/RMCMA/ROP/DD real content answer/submit/result/retry; pinned real parser,1440,100%,installed Chrome automation,local fixture; no production/provider or persisted-role claim,RMCSA/RMCMA/ROP/DD real content answer/submit/result/retry; pinned real parser,,pass,,remaining-practice-audit/reading-content-final-report.md,,,,,,,,,,,,,,,,,
LATE-220,Reading mobile results,,,,,receipt-bound source,synthetic admin,,,Four families at390/768; ordinary scroll resolves center overlaps,390;768,100%,installed Chrome automation,local fixture; no production/provider or persisted-role claim,Four families at390/768; ordinary scroll resolves center overlaps,,finding,,remaining-practice-audit/reading-content-mobile-final-report.md,,,,,,,,,,,,,,,,,
LATE-221,Entrance results,,,,,receipt-bound source; PDF mocked,synthetic admin,,,6populated/empty/error cases;390Back link works after ordinary scroll,1440;390,100%,installed Chrome automation,local fixture; no production/provider or persisted-role claim,6populated/empty/error cases;390Back link works after ordinary scroll,,finding,,remaining-entrance-audit/run-20260908T100221Z/entrance-result-audit.json,,,,,,,,,,,,,,,,,
LATE-222,Agents pointer diagnostic,,,,,receipt-bound source,synthetic admin,,,Normal nonforced Add Course click succeeds0to1 after910ms automatic scroll,390,100%,installed Chrome automation,local fixture; no production/provider or persisted-role claim,Normal nonforced Add Course click succeeds0to1 after910ms automatic scroll,,finding,F-13,agents-pointer-diagnostic/open204-shared-controls.json,,,,,,,,,,,,,,,,,
LATE223,Student errors,,,,,UI23 separate b507 supplement,,,,,,,,local synthetic Chrome,28 actual Chrome cases at1440/390; four-body boundary and independent uncertain-payment identity/context check pass; sparse structure explicitly qualified,,pass,F-09;F-10;F-11,student-errors-fix/error-states-result-ui23-focus.json,,,,,,,,,,,,,,,,,
LATE224,Teaching native audio,,,,,UI24 sealed CSS supplement,,,,,,,,local synthetic Chrome,Five viewports360/390/768/844-landscape/1440; actual pointer and keyboard play/pause/seek pass; unrelated shell overflow retained,,pass,F-12,teaching-audio-sizing-fix/native-controls-ui24-final3.json,,,,,,,,,,,,,,,,,
LATE225,Read Aloud,,,,,receipt-bound source; UI26 later shared style change scoped only to DI,synthetic guest/auth,,,RA Record/Stop/Check/Retry/Next; mobile custom Play/Pause,desktop1440; mobile390 (DI also360),100%,installed Chrome; real locator/mouse inputs,local fixture; synthetic media/scoring/auth boundaries,RA Record/Stop/Check/Retry/Next; mobile custom Play/Pause,,pass,,remaining-speaking-ra-20260908/read-aloud-result.json;remaining-speaking-ra-20260908/read-aloud-mobile-result.json,,,,,,,,,,,,,,,,,
LATE226,Respond to a Situation,,,,,receipt-bound source; UI26 later shared style change scoped only to DI,synthetic guest/auth,,,Original actual RTS lifecycle/scoring/sample/retry assertions,desktop1440; mobile390 (DI also360),100%,installed Chrome; real locator/mouse inputs,local fixture; synthetic media/scoring/auth boundaries,Original actual RTS lifecycle/scoring/sample/retry assertions,,pass,,remaining-speaking-rts-20260908/root-result.json,,,,,,,,,,,,,,,,,
LATE227,Summarize Group Discussion,,,,,receipt-bound source; UI26 later shared style change scoped only to DI,synthetic guest/auth,,,"Speaker notes, record/result, actual Retry; real pinned NLP",desktop1440; mobile390 (DI also360),100%,installed Chrome; real locator/mouse inputs,local fixture; synthetic media/scoring/auth boundaries,"Speaker notes, record/result, actual Retry; real pinned NLP",,pass,,remaining-speaking-sgd-20260908/root-result.json,,,,,,,,,,,,,,,,,
LATE228,Retell Lecture / Notes,,,,,receipt-bound source; UI26 later shared style change scoped only to DI,synthetic guest/auth,,,"Current typed-notes flow: Play/Pause/seek, Submit matching and Retry; no recording control exists",desktop1440; mobile390 (DI also360),100%,installed Chrome; real locator/mouse inputs,local fixture; synthetic media/scoring/auth boundaries,"Current typed-notes flow: Play/Pause/seek, Submit matching and Retry; no recording control exists",,pass,,remaining-speaking-notes-20260908/root-result.json,,,,,,,,,,,,,,,,,
LATE229,Repeat Sentence,,,,,receipt-bound source; UI26 later shared style change scoped only to DI,synthetic guest/auth,,,"Play/Record/Stop/Check, multipart audio/reference, result tokens and Retry; real hit-tested animated Stop pointer",desktop1440; mobile390 (DI also360),100%,installed Chrome; real locator/mouse inputs,local fixture; synthetic media/scoring/auth boundaries,"Play/Record/Stop/Check, multipart audio/reference, result tokens and Retry; real hit-tested animated Stop pointer",,pass,,remaining-speaking-repeat-sentence-20260908/root-result.json,,,,,,,,,,,,,,,,,
LATE230,Answer Short Question,,,,,receipt-bound source; UI26 later shared style change scoped only to DI,synthetic guest/auth,,,"Visible picker, Play/Pause, Record/Stop automatic submission, transcript/XSS and Redo",desktop1440; mobile390 (DI also360),100%,installed Chrome; real locator/mouse inputs,local fixture; synthetic media/scoring/auth boundaries,"Visible picker, Play/Pause, Record/Stop automatic submission, transcript/XSS and Redo",,pass,,remaining-speaking-asq-20260908/asq-desktop-result.json;remaining-speaking-asq-20260908/asq-mobile-result.json,,,,,,,,,,,,,,,,,
LATE231,Describe Image,,,,,receipt-bound source; UI26 later shared style change scoped only to DI,synthetic guest/auth,,,Final source Start/Record/Stop/Results/Retry at1440/390/360;503 Retry dedup recovery1440/390,desktop1440; mobile390 (DI also360),100%,installed Chrome; real locator/mouse inputs,local fixture; synthetic media/scoring/auth boundaries,Final source Start/Record/Stop/Results/Retry at1440/390/360;503 Retry dedup recovery1440/390,,pass,,final-bounded-remediation/describe-image-final/describe-image-after-v5.json,,,,,,,,,,,,,,,,,
LATE232,Summarize Spoken Text,,,,,receipt-bound source; UI26 later shared style change scoped only to DI,synthetic guest/auth,,,Full SST submit/scoring/error/retry/exit flow; real range seeking; mobile ordinary scrolling pointer recovery,desktop1440; mobile390 (DI also360),100%,installed Chrome; real locator/mouse inputs,local fixture; synthetic media/scoring/auth boundaries,Full SST submit/scoring/error/retry/exit flow; real range seeking; mobile ordinary scrolling pointer recovery,,pass,,remaining-listening-sst-20260908/root-result.json,,,,,,,,,,,,,,,,,
LATE233,Listening single-choice,,,,,receipt-bound source; UI26 later shared style change scoped only to DI,synthetic guest/auth,,,"Actual wrong/correct scores, transcript/explanation and Retry",desktop1440; mobile390 (DI also360),100%,installed Chrome; real locator/mouse inputs,local fixture; synthetic media/scoring/auth boundaries,"Actual wrong/correct scores, transcript/explanation and Retry",,pass,,remaining-listening-lmcsa-20260908/run-desktop-v2/lmcsa-desktop1440x900.json;remaining-listening-lmcsa-20260908/run-mobile-v2/lmcsa-mobile390x844.json,,,,,,,,,,,,,,,,,
LATE234,Listening multiple-choice,,,,,receipt-bound source; UI26 later shared style change scoped only to DI,synthetic guest/auth,,,"Current automatic review surface, wrong/correct scores, transcript/sanitization and Retry",desktop1440; mobile390 (DI also360),100%,installed Chrome; real locator/mouse inputs,local fixture; synthetic media/scoring/auth boundaries,"Current automatic review surface, wrong/correct scores, transcript/sanitization and Retry",,pass,,remaining-listening-four-20260908/run-lmcma-desktop-v2/lmcma-desktop1440x900.json;remaining-listening-four-20260908/run-lmcma-mobile-v2/lmcma-mobile390x844.json,,,,,,,,,,,,,,,,,
LATE235,Select Missing Word,,,,,receipt-bound source; UI26 later shared style change scoped only to DI,synthetic guest/auth,,,Original current question/result/retry assertions and source-bound fixtures,desktop1440; mobile390 (DI also360),100%,installed Chrome; real locator/mouse inputs,local fixture; synthetic media/scoring/auth boundaries,Original current question/result/retry assertions and source-bound fixtures,,pass,,remaining-listening-four-20260908/run-smw-desktop/smw-desktop1440x900.json;remaining-listening-four-20260908/run-smw-mobile/smw-mobile390x844.json,,,,,,,,,,,,,,,,,
LATE236,Highlight Incorrect Words,,,,,receipt-bound source; UI26 later shared style change scoped only to DI,synthetic guest/auth,,,Original question/result/retry assertions; six ignored audio assets read locally by candidate manifest filenames,desktop1440; mobile390 (DI also360),100%,installed Chrome; real locator/mouse inputs,local fixture; synthetic media/scoring/auth boundaries,Original question/result/retry assertions; six ignored audio assets read locally by candidate manifest filenames,,pass,,remaining-listening-four-20260908/run-hiw-desktop-v2/hiw-desktop1440x900.json;remaining-listening-four-20260908/run-hiw-mobile-v2/hiw-mobile390x844.json,,,,,,,,,,,,,,,,,
LATE237,Highlight Correct Summary,,,,,receipt-bound source; UI26 later shared style change scoped only to DI,synthetic guest/auth,,,Original question/result/retry assertions with local workbook and synthetic audio,desktop1440; mobile390 (DI also360),100%,installed Chrome; real locator/mouse inputs,local fixture; synthetic media/scoring/auth boundaries,Original question/result/retry assertions with local workbook and synthetic audio,,pass,,remaining-listening-four-20260908/run-hcs-desktop/hcs-desktop1440x900.json;remaining-listening-four-20260908/run-hcs-mobile/hcs-mobile390x844.json,,,,,,,,,,,,,,,,,
LATE238,Books mobile selection,,,,,exact receipt-bound source,,,,"Same baseline/candidate wheel, focus click and real text drag; popup color click persists highlight;390 and1440",,,,local Chrome fixture; no production/provider claim,"Same baseline/candidate wheel, focus click and real text drag; popup color click persists highlight;390 and1440",,pass,F-14,books-mobile-selection-fix/final/books-highlight-pointer-after.json,,,,,,,,,,,,,,,,,
LATE239,Describe Image recovery and mobile actions,,,,,exact receipt-bound source,,,,UI26 final source 5Chrome cases; real Retry recovery and in-flight request dedup; scoped scroll clearance,,,,local Chrome fixture; no production/provider claim,UI26 final source 5Chrome cases; real Retry recovery and in-flight request dedup; scoped scroll clearance,,pass,F-15;F-17,final-bounded-remediation/describe-image-final/describe-image-after-v5.json,,,,,,,,,,,,,,,,,
LATE240,Describe Image historical failures,,,,,exact receipt-bound source,,,,Pre-fix503 lacked error feedback; mobile See Results pointer intercepted; retained before evidence,,,,local Chrome fixture; no production/provider claim,Pre-fix503 lacked error feedback; mobile See Results pointer intercepted; retained before evidence,,finding,F-15;F-17,remaining-speaking-describe-image-20260908/describe-image-after-v4.json,,,,,,,,,,,,,,,,,
LATE241,SST mobile overlay usability,,,,,exact receipt-bound source,,,,"Retry is reachable after ordinary upward scroll and hit-tested pointer; awkward overlap remains, not inaccessible",,,,local Chrome fixture; no production/provider claim,"Retry is reachable after ordinary upward scroll and hit-tested pointer; awkward overlap remains, not inaccessible",,finding,F-16,remaining-listening-sst-20260908/root-result.json,,,,,,,,,,,,,,,,,
LATE242,Student profile toast footer,,,,,d4b5441a731ce83a48a2d8967a0dcb96855034ad; tested d34 + receipt CSS hash,synthetic admin,,,invalid-save; failed-save,1440x900;390x844,,installed Chrome real pointer,coordinator executed local fixture; UI root inspected receipt and commit hash,Announced error; uncovered Save/Cancel while toast visible; actual Cancel under1s; retained draft,,pass,F-04,combined-ui27-toast-check/f04-result.json,,,,,,,,,,,,,,,,,
