schemaVersion,reportVersion,reviewStatus,catalogSchemaVersion,catalogContentVersion,catalogLocale,catalogSourceSha256,audioSchemaVersion,audioVersion,audioContentVersion,audioLocale,audioCatalogSourceSha256,audioSourceSha256,audioProvider,audioProviderRevision,audioGeneratorRevision,audioGeneratedAt,generatedAt,toolRevision,engineRevision,threshold,summaryCount,summaryMin,summaryP50,summaryP75,summaryP90,summaryP95,summaryMax,summaryPassCount,summaryFailCount,summaryUnavailable,summaryUnrateable,challengeId,audioSha256,accuracyScore,status,reasonCode,audioDurationMs,audioByteCount
echo-forge-listening-audio-semantic-qa-v1,v1,automated_only,echo-forge-challenge-catalog-v1,2026.08.25.v2,en-US,0191870edd334cb5bcad8516ec89e7a0e251499de433f2c37c49b1d3d038bcb0,echo-forge-audio-manifest-v1,v1,2026.08.25.v2,en-US,0191870edd334cb5bcad8516ec89e7a0e251499de433f2c37c49b1d3d038bcb0,0191870edd334cb5bcad8516ec89e7a0e251499de433f2c37c49b1d3d038bcb0,kokoro,kokoro-v1,echo-forge-listening-audio-v1,2026-08-25T06:58:59.213Z,2026-08-25T07:08:09.726Z,echo-forge-listening-audio-semantic-qa-v1,azure-speech-pronunciation-assessment-comprehensive-word-v1,80,30,86,99,100,100,100,100,30,0,0,0,ef-a1-listening-001,dc15aa6862628b1194d9f4499dce6954ee29ea91c45cbcc9e3417bd8ac2f0ef4,86,scored,,800.5,38502
echo-forge-listening-audio-semantic-qa-v1,v1,automated_only,echo-forge-challenge-catalog-v1,2026.08.25.v2,en-US,0191870edd334cb5bcad8516ec89e7a0e251499de433f2c37c49b1d3d038bcb0,echo-forge-audio-manifest-v1,v1,2026.08.25.v2,en-US,0191870edd334cb5bcad8516ec89e7a0e251499de433f2c37c49b1d3d038bcb0,0191870edd334cb5bcad8516ec89e7a0e251499de433f2c37c49b1d3d038bcb0,kokoro,kokoro-v1,echo-forge-listening-audio-v1,2026-08-25T06:58:59.213Z,2026-08-25T07:08:09.726Z,echo-forge-listening-audio-semantic-qa-v1,azure-speech-pronunciation-assessment-comprehensive-word-v1,80,30,86,99,100,100,100,100,30,0,0,0,ef-a1-listening-002,9bd85450dc3b15652de8be5013567eb6b9077dd4abe89c54f69df2dae48177fb,94,scored,,806.8333333333333,38806
echo-forge-listening-audio-semantic-qa-v1,v1,automated_only,echo-forge-challenge-catalog-v1,2026.08.25.v2,en-US,0191870edd334cb5bcad8516ec89e7a0e251499de433f2c37c49b1d3d038bcb0,echo-forge-audio-manifest-v1,v1,2026.08.25.v2,en-US,0191870edd334cb5bcad8516ec89e7a0e251499de433f2c37c49b1d3d038bcb0,0191870edd334cb5bcad8516ec89e7a0e251499de433f2c37c49b1d3d038bcb0,kokoro,kokoro-v1,echo-forge-listening-audio-v1,2026-08-25T06:58:59.213Z,2026-08-25T07:08:09.726Z,echo-forge-listening-audio-semantic-qa-v1,azure-speech-pronunciation-assessment-comprehensive-word-v1,80,30,86,99,100,100,100,100,30,0,0,0,ef-a1-listening-003,1dde2cb271cfaefb7830d798a14d76ec9ca470457118f38ed84bc8923fb30f39,96,scored,,826.125,39732
echo-forge-listening-audio-semantic-qa-v1,v1,automated_only,echo-forge-challenge-catalog-v1,2026.08.25.v2,en-US,0191870edd334cb5bcad8516ec89e7a0e251499de433f2c37c49b1d3d038bcb0,echo-forge-audio-manifest-v1,v1,2026.08.25.v2,en-US,0191870edd334cb5bcad8516ec89e7a0e251499de433f2c37c49b1d3d038bcb0,0191870edd334cb5bcad8516ec89e7a0e251499de433f2c37c49b1d3d038bcb0,kokoro,kokoro-v1,echo-forge-listening-audio-v1,2026-08-25T06:58:59.213Z,2026-08-25T07:08:09.726Z,echo-forge-listening-audio-semantic-qa-v1,azure-speech-pronunciation-assessment-comprehensive-word-v1,80,30,86,99,100,100,100,100,30,0,0,0,ef-a1-listening-004,d2194690f4c25fe5122eec1917f6ea80e91c2ff7a68e07a90cd010cf51a1158a,100,scored,,845.0833333333333,40642
echo-forge-listening-audio-semantic-qa-v1,v1,automated_only,echo-forge-challenge-catalog-v1,2026.08.25.v2,en-US,0191870edd334cb5bcad8516ec89e7a0e251499de433f2c37c49b1d3d038bcb0,echo-forge-audio-manifest-v1,v1,2026.08.25.v2,en-US,0191870edd334cb5bcad8516ec89e7a0e251499de433f2c37c49b1d3d038bcb0,0191870edd334cb5bcad8516ec89e7a0e251499de433f2c37c49b1d3d038bcb0,kokoro,kokoro-v1,echo-forge-listening-audio-v1,2026-08-25T06:58:59.213Z,2026-08-25T07:08:09.726Z,echo-forge-listening-audio-semantic-qa-v1,azure-speech-pronunciation-assessment-comprehensive-word-v1,80,30,86,99,100,100,100,100,30,0,0,0,ef-a1-listening-005,48e4d5b709ce20914c0db3bc8069565623b9d723f9e074ddda7f39a8ab7cd4f1,98,scored,,818.5416666666666,39368
echo-forge-listening-audio-semantic-qa-v1,v1,automated_only,echo-forge-challenge-catalog-v1,2026.08.25.v2,en-US,0191870edd334cb5bcad8516ec89e7a0e251499de433f2c37c49b1d3d038bcb0,echo-forge-audio-manifest-v1,v1,2026.08.25.v2,en-US,0191870edd334cb5bcad8516ec89e7a0e251499de433f2c37c49b1d3d038bcb0,0191870edd334cb5bcad8516ec89e7a0e251499de433f2c37c49b1d3d038bcb0,kokoro,kokoro-v1,echo-forge-listening-audio-v1,2026-08-25T06:58:59.213Z,2026-08-25T07:08:09.726Z,echo-forge-listening-audio-semantic-qa-v1,azure-speech-pronunciation-assessment-comprehensive-word-v1,80,30,86,99,100,100,100,100,30,0,0,0,ef-a1-listening-006,fec454ec950e7e9e152a2257ec1386e620e526659f5e54aa91c9a0f5c6c6b62d,100,scored,,855.5,41142
echo-forge-listening-audio-semantic-qa-v1,v1,automated_only,echo-forge-challenge-catalog-v1,2026.08.25.v2,en-US,0191870edd334cb5bcad8516ec89e7a0e251499de433f2c37c49b1d3d038bcb0,echo-forge-audio-manifest-v1,v1,2026.08.25.v2,en-US,0191870edd334cb5bcad8516ec89e7a0e251499de433f2c37c49b1d3d038bcb0,0191870edd334cb5bcad8516ec89e7a0e251499de433f2c37c49b1d3d038bcb0,kokoro,kokoro-v1,echo-forge-listening-audio-v1,2026-08-25T06:58:59.213Z,2026-08-25T07:08:09.726Z,echo-forge-listening-audio-semantic-qa-v1,azure-speech-pronunciation-assessment-comprehensive-word-v1,80,30,86,99,100,100,100,100,30,0,0,0,ef-a2-listening-001,39ffeb4e5e33bf22bfae864fe015cd3b7a8ab38bb89270f0af20b9dbcccb35eb,86,scored,,877,42174
echo-forge-listening-audio-semantic-qa-v1,v1,automated_only,echo-forge-challenge-catalog-v1,2026.08.25.v2,en-US,0191870edd334cb5bcad8516ec89e7a0e251499de433f2c37c49b1d3d038bcb0,echo-forge-audio-manifest-v1,v1,2026.08.25.v2,en-US,0191870edd334cb5bcad8516ec89e7a0e251499de433f2c37c49b1d3d038bcb0,0191870edd334cb5bcad8516ec89e7a0e251499de433f2c37c49b1d3d038bcb0,kokoro,kokoro-v1,echo-forge-listening-audio-v1,2026-08-25T06:58:59.213Z,2026-08-25T07:08:09.726Z,echo-forge-listening-audio-semantic-qa-v1,azure-speech-pronunciation-assessment-comprehensive-word-v1,80,30,86,99,100,100,100,100,30,0,0,0,ef-a2-listening-002,0367bf954cdba628e041fca5b700bfc2cca9113ded21399de70f59645ab0c361,100,scored,,1054.3333333333333,50686
echo-forge-listening-audio-semantic-qa-v1,v1,automated_only,echo-forge-challenge-catalog-v1,2026.08.25.v2,en-US,0191870edd334cb5bcad8516ec89e7a0e251499de433f2c37c49b1d3d038bcb0,echo-forge-audio-manifest-v1,v1,2026.08.25.v2,en-US,0191870edd334cb5bcad8516ec89e7a0e251499de433f2c37c49b1d3d038bcb0,0191870edd334cb5bcad8516ec89e7a0e251499de433f2c37c49b1d3d038bcb0,kokoro,kokoro-v1,echo-forge-listening-audio-v1,2026-08-25T06:58:59.213Z,2026-08-25T07:08:09.726Z,echo-forge-listening-audio-semantic-qa-v1,azure-speech-pronunciation-assessment-comprehensive-word-v1,80,30,86,99,100,100,100,100,30,0,0,0,ef-a2-listening-003,de37cdd7b49c9f16e7ebe2cbb94346de14ec7fc0ef2d526f684e2f9ab5fd1de3,100,scored,,813.0416666666666,39104
echo-forge-listening-audio-semantic-qa-v1,v1,automated_only,echo-forge-challenge-catalog-v1,2026.08.25.v2,en-US,0191870edd334cb5bcad8516ec89e7a0e251499de433f2c37c49b1d3d038bcb0,echo-forge-audio-manifest-v1,v1,2026.08.25.v2,en-US,0191870edd334cb5bcad8516ec89e7a0e251499de433f2c37c49b1d3d038bcb0,0191870edd334cb5bcad8516ec89e7a0e251499de433f2c37c49b1d3d038bcb0,kokoro,kokoro-v1,echo-forge-listening-audio-v1,2026-08-25T06:58:59.213Z,2026-08-25T07:08:09.726Z,echo-forge-listening-audio-semantic-qa-v1,azure-speech-pronunciation-assessment-comprehensive-word-v1,80,30,86,99,100,100,100,100,30,0,0,0,ef-a2-listening-004,a1625fcff1ef54fdfa2580eb09af27a966885f866013cadd2bf14a56a8ac8029,100,scored,,883.375,42480
echo-forge-listening-audio-semantic-qa-v1,v1,automated_only,echo-forge-challenge-catalog-v1,2026.08.25.v2,en-US,0191870edd334cb5bcad8516ec89e7a0e251499de433f2c37c49b1d3d038bcb0,echo-forge-audio-manifest-v1,v1,2026.08.25.v2,en-US,0191870edd334cb5bcad8516ec89e7a0e251499de433f2c37c49b1d3d038bcb0,0191870edd334cb5bcad8516ec89e7a0e251499de433f2c37c49b1d3d038bcb0,kokoro,kokoro-v1,echo-forge-listening-audio-v1,2026-08-25T06:58:59.213Z,2026-08-25T07:08:09.726Z,echo-forge-listening-audio-semantic-qa-v1,azure-speech-pronunciation-assessment-comprehensive-word-v1,80,30,86,99,100,100,100,100,30,0,0,0,ef-a2-listening-005,bc8dad4630198885bf4472e1071a234fd6ee80ea240d0a6b481d1dc542aa3caa,100,scored,,871.2916666666667,41900
echo-forge-listening-audio-semantic-qa-v1,v1,automated_only,echo-forge-challenge-catalog-v1,2026.08.25.v2,en-US,0191870edd334cb5bcad8516ec89e7a0e251499de433f2c37c49b1d3d038bcb0,echo-forge-audio-manifest-v1,v1,2026.08.25.v2,en-US,0191870edd334cb5bcad8516ec89e7a0e251499de433f2c37c49b1d3d038bcb0,0191870edd334cb5bcad8516ec89e7a0e251499de433f2c37c49b1d3d038bcb0,kokoro,kokoro-v1,echo-forge-listening-audio-v1,2026-08-25T06:58:59.213Z,2026-08-25T07:08:09.726Z,echo-forge-listening-audio-semantic-qa-v1,azure-speech-pronunciation-assessment-comprehensive-word-v1,80,30,86,99,100,100,100,100,30,0,0,0,ef-a2-listening-006,bb94af3411786070050dde8b23a9f022df00e12558867c7e870ecc20c486d6e1,99,scored,,881.125,42372
echo-forge-listening-audio-semantic-qa-v1,v1,automated_only,echo-forge-challenge-catalog-v1,2026.08.25.v2,en-US,0191870edd334cb5bcad8516ec89e7a0e251499de433f2c37c49b1d3d038bcb0,echo-forge-audio-manifest-v1,v1,2026.08.25.v2,en-US,0191870edd334cb5bcad8516ec89e7a0e251499de433f2c37c49b1d3d038bcb0,0191870edd334cb5bcad8516ec89e7a0e251499de433f2c37c49b1d3d038bcb0,kokoro,kokoro-v1,echo-forge-listening-audio-v1,2026-08-25T06:58:59.213Z,2026-08-25T07:08:09.726Z,echo-forge-listening-audio-semantic-qa-v1,azure-speech-pronunciation-assessment-comprehensive-word-v1,80,30,86,99,100,100,100,100,30,0,0,0,ef-b1-listening-001,141b43f9dbbb5d8825cf1badb4f467a8c5f7d048d62202a46a8147dc7aef18df,95,scored,,910.1666666666666,43766
echo-forge-listening-audio-semantic-qa-v1,v1,automated_only,echo-forge-challenge-catalog-v1,2026.08.25.v2,en-US,0191870edd334cb5bcad8516ec89e7a0e251499de433f2c37c49b1d3d038bcb0,echo-forge-audio-manifest-v1,v1,2026.08.25.v2,en-US,0191870edd334cb5bcad8516ec89e7a0e251499de433f2c37c49b1d3d038bcb0,0191870edd334cb5bcad8516ec89e7a0e251499de433f2c37c49b1d3d038bcb0,kokoro,kokoro-v1,echo-forge-listening-audio-v1,2026-08-25T06:58:59.213Z,2026-08-25T07:08:09.726Z,echo-forge-listening-audio-semantic-qa-v1,azure-speech-pronunciation-assessment-comprehensive-word-v1,80,30,86,99,100,100,100,100,30,0,0,0,ef-b1-listening-002,1bcaf52064dcf132beefda5e2d967e991e89dfc36210af37c02d543420ba475f,100,scored,,976.3333333333334,46942
echo-forge-listening-audio-semantic-qa-v1,v1,automated_only,echo-forge-challenge-catalog-v1,2026.08.25.v2,en-US,0191870edd334cb5bcad8516ec89e7a0e251499de433f2c37c49b1d3d038bcb0,echo-forge-audio-manifest-v1,v1,2026.08.25.v2,en-US,0191870edd334cb5bcad8516ec89e7a0e251499de433f2c37c49b1d3d038bcb0,0191870edd334cb5bcad8516ec89e7a0e251499de433f2c37c49b1d3d038bcb0,kokoro,kokoro-v1,echo-forge-listening-audio-v1,2026-08-25T06:58:59.213Z,2026-08-25T07:08:09.726Z,echo-forge-listening-audio-semantic-qa-v1,azure-speech-pronunciation-assessment-comprehensive-word-v1,80,30,86,99,100,100,100,100,30,0,0,0,ef-b1-listening-003,13885b775ed4ed2f6bda4aae8f41169448ea27d877f581888c2124be0c9c9530,100,scored,,959.5416666666666,46136
echo-forge-listening-audio-semantic-qa-v1,v1,automated_only,echo-forge-challenge-catalog-v1,2026.08.25.v2,en-US,0191870edd334cb5bcad8516ec89e7a0e251499de433f2c37c49b1d3d038bcb0,echo-forge-audio-manifest-v1,v1,2026.08.25.v2,en-US,0191870edd334cb5bcad8516ec89e7a0e251499de433f2c37c49b1d3d038bcb0,0191870edd334cb5bcad8516ec89e7a0e251499de433f2c37c49b1d3d038bcb0,kokoro,kokoro-v1,echo-forge-listening-audio-v1,2026-08-25T06:58:59.213Z,2026-08-25T07:08:09.726Z,echo-forge-listening-audio-semantic-qa-v1,azure-speech-pronunciation-assessment-comprehensive-word-v1,80,30,86,99,100,100,100,100,30,0,0,0,ef-b1-listening-004,a793c04753dd84d7e3e0845f88abbf05a7efd80aaee8139d8f25f871c1ff9952,93,scored,,944.625,45420
echo-forge-listening-audio-semantic-qa-v1,v1,automated_only,echo-forge-challenge-catalog-v1,2026.08.25.v2,en-US,0191870edd334cb5bcad8516ec89e7a0e251499de433f2c37c49b1d3d038bcb0,echo-forge-audio-manifest-v1,v1,2026.08.25.v2,en-US,0191870edd334cb5bcad8516ec89e7a0e251499de433f2c37c49b1d3d038bcb0,0191870edd334cb5bcad8516ec89e7a0e251499de433f2c37c49b1d3d038bcb0,kokoro,kokoro-v1,echo-forge-listening-audio-v1,2026-08-25T06:58:59.213Z,2026-08-25T07:08:09.726Z,echo-forge-listening-audio-semantic-qa-v1,azure-speech-pronunciation-assessment-comprehensive-word-v1,80,30,86,99,100,100,100,100,30,0,0,0,ef-b1-listening-005,bd8872486134c6c036a2d1faec9360428ce04fdbb08a605b109beeeabb341fc0,92,scored,,840.875,40440
echo-forge-listening-audio-semantic-qa-v1,v1,automated_only,echo-forge-challenge-catalog-v1,2026.08.25.v2,en-US,0191870edd334cb5bcad8516ec89e7a0e251499de433f2c37c49b1d3d038bcb0,echo-forge-audio-manifest-v1,v1,2026.08.25.v2,en-US,0191870edd334cb5bcad8516ec89e7a0e251499de433f2c37c49b1d3d038bcb0,0191870edd334cb5bcad8516ec89e7a0e251499de433f2c37c49b1d3d038bcb0,kokoro,kokoro-v1,echo-forge-listening-audio-v1,2026-08-25T06:58:59.213Z,2026-08-25T07:08:09.726Z,echo-forge-listening-audio-semantic-qa-v1,azure-speech-pronunciation-assessment-comprehensive-word-v1,80,30,86,99,100,100,100,100,30,0,0,0,ef-b1-listening-006,6367731612aac5da284cffc8b4dd9ec1dcadfbc3c681c059380cd4b3653ff9e8,100,scored,,888.4583333333334,42724
echo-forge-listening-audio-semantic-qa-v1,v1,automated_only,echo-forge-challenge-catalog-v1,2026.08.25.v2,en-US,0191870edd334cb5bcad8516ec89e7a0e251499de433f2c37c49b1d3d038bcb0,echo-forge-audio-manifest-v1,v1,2026.08.25.v2,en-US,0191870edd334cb5bcad8516ec89e7a0e251499de433f2c37c49b1d3d038bcb0,0191870edd334cb5bcad8516ec89e7a0e251499de433f2c37c49b1d3d038bcb0,kokoro,kokoro-v1,echo-forge-listening-audio-v1,2026-08-25T06:58:59.213Z,2026-08-25T07:08:09.726Z,echo-forge-listening-audio-semantic-qa-v1,azure-speech-pronunciation-assessment-comprehensive-word-v1,80,30,86,99,100,100,100,100,30,0,0,0,ef-b2-listening-001,92f8eaa670fa89da473ab0ab8cec0435f25c34b553083c34006d542379f9c220,99,scored,,980.7916666666666,47156
echo-forge-listening-audio-semantic-qa-v1,v1,automated_only,echo-forge-challenge-catalog-v1,2026.08.25.v2,en-US,0191870edd334cb5bcad8516ec89e7a0e251499de433f2c37c49b1d3d038bcb0,echo-forge-audio-manifest-v1,v1,2026.08.25.v2,en-US,0191870edd334cb5bcad8516ec89e7a0e251499de433f2c37c49b1d3d038bcb0,0191870edd334cb5bcad8516ec89e7a0e251499de433f2c37c49b1d3d038bcb0,kokoro,kokoro-v1,echo-forge-listening-audio-v1,2026-08-25T06:58:59.213Z,2026-08-25T07:08:09.726Z,echo-forge-listening-audio-semantic-qa-v1,azure-speech-pronunciation-assessment-comprehensive-word-v1,80,30,86,99,100,100,100,100,30,0,0,0,ef-b2-listening-002,a7cdddf82bb75d3adc4b19191e706db8664c83e15722d3efa9b20f033ab4e940,100,scored,,1035.7083333333333,49792
echo-forge-listening-audio-semantic-qa-v1,v1,automated_only,echo-forge-challenge-catalog-v1,2026.08.25.v2,en-US,0191870edd334cb5bcad8516ec89e7a0e251499de433f2c37c49b1d3d038bcb0,echo-forge-audio-manifest-v1,v1,2026.08.25.v2,en-US,0191870edd334cb5bcad8516ec89e7a0e251499de433f2c37c49b1d3d038bcb0,0191870edd334cb5bcad8516ec89e7a0e251499de433f2c37c49b1d3d038bcb0,kokoro,kokoro-v1,echo-forge-listening-audio-v1,2026-08-25T06:58:59.213Z,2026-08-25T07:08:09.726Z,echo-forge-listening-audio-semantic-qa-v1,azure-speech-pronunciation-assessment-comprehensive-word-v1,80,30,86,99,100,100,100,100,30,0,0,0,ef-b2-listening-003,5af4867399fa7b28914ed0172ee0d85b02fbf43d9b056ed01b26ab42020a7d89,98,scored,,855,41118
echo-forge-listening-audio-semantic-qa-v1,v1,automated_only,echo-forge-challenge-catalog-v1,2026.08.25.v2,en-US,0191870edd334cb5bcad8516ec89e7a0e251499de433f2c37c49b1d3d038bcb0,echo-forge-audio-manifest-v1,v1,2026.08.25.v2,en-US,0191870edd334cb5bcad8516ec89e7a0e251499de433f2c37c49b1d3d038bcb0,0191870edd334cb5bcad8516ec89e7a0e251499de433f2c37c49b1d3d038bcb0,kokoro,kokoro-v1,echo-forge-listening-audio-v1,2026-08-25T06:58:59.213Z,2026-08-25T07:08:09.726Z,echo-forge-listening-audio-semantic-qa-v1,azure-speech-pronunciation-assessment-comprehensive-word-v1,80,30,86,99,100,100,100,100,30,0,0,0,ef-b2-listening-004,3b700c9fdb47c684afc9d4b405334726f8f77ac5b02863f0464590c229bb7823,98,scored,,961.25,46218
echo-forge-listening-audio-semantic-qa-v1,v1,automated_only,echo-forge-challenge-catalog-v1,2026.08.25.v2,en-US,0191870edd334cb5bcad8516ec89e7a0e251499de433f2c37c49b1d3d038bcb0,echo-forge-audio-manifest-v1,v1,2026.08.25.v2,en-US,0191870edd334cb5bcad8516ec89e7a0e251499de433f2c37c49b1d3d038bcb0,0191870edd334cb5bcad8516ec89e7a0e251499de433f2c37c49b1d3d038bcb0,kokoro,kokoro-v1,echo-forge-listening-audio-v1,2026-08-25T06:58:59.213Z,2026-08-25T07:08:09.726Z,echo-forge-listening-audio-semantic-qa-v1,azure-speech-pronunciation-assessment-comprehensive-word-v1,80,30,86,99,100,100,100,100,30,0,0,0,ef-b2-listening-005,cb5e53bed4583502064740aac028b0c6604327dd06888b73eb7446d4dd5ce16e,100,scored,,949.5,45654
echo-forge-listening-audio-semantic-qa-v1,v1,automated_only,echo-forge-challenge-catalog-v1,2026.08.25.v2,en-US,0191870edd334cb5bcad8516ec89e7a0e251499de433f2c37c49b1d3d038bcb0,echo-forge-audio-manifest-v1,v1,2026.08.25.v2,en-US,0191870edd334cb5bcad8516ec89e7a0e251499de433f2c37c49b1d3d038bcb0,0191870edd334cb5bcad8516ec89e7a0e251499de433f2c37c49b1d3d038bcb0,kokoro,kokoro-v1,echo-forge-listening-audio-v1,2026-08-25T06:58:59.213Z,2026-08-25T07:08:09.726Z,echo-forge-listening-audio-semantic-qa-v1,azure-speech-pronunciation-assessment-comprehensive-word-v1,80,30,86,99,100,100,100,100,30,0,0,0,ef-b2-listening-006,bd1ccdd1b7d6daa36bd77e127f265140180f3abb4a5572293468ec1e5b61a89c,100,scored,,1024.6666666666665,49262
echo-forge-listening-audio-semantic-qa-v1,v1,automated_only,echo-forge-challenge-catalog-v1,2026.08.25.v2,en-US,0191870edd334cb5bcad8516ec89e7a0e251499de433f2c37c49b1d3d038bcb0,echo-forge-audio-manifest-v1,v1,2026.08.25.v2,en-US,0191870edd334cb5bcad8516ec89e7a0e251499de433f2c37c49b1d3d038bcb0,0191870edd334cb5bcad8516ec89e7a0e251499de433f2c37c49b1d3d038bcb0,kokoro,kokoro-v1,echo-forge-listening-audio-v1,2026-08-25T06:58:59.213Z,2026-08-25T07:08:09.726Z,echo-forge-listening-audio-semantic-qa-v1,azure-speech-pronunciation-assessment-comprehensive-word-v1,80,30,86,99,100,100,100,100,30,0,0,0,ef-c1-listening-001,b9a3f845359e781c2d1362ac888b2af97eae3cbd1780bf9ebb7d6648a1e8f358,100,scored,,926.75,44562
echo-forge-listening-audio-semantic-qa-v1,v1,automated_only,echo-forge-challenge-catalog-v1,2026.08.25.v2,en-US,0191870edd334cb5bcad8516ec89e7a0e251499de433f2c37c49b1d3d038bcb0,echo-forge-audio-manifest-v1,v1,2026.08.25.v2,en-US,0191870edd334cb5bcad8516ec89e7a0e251499de433f2c37c49b1d3d038bcb0,0191870edd334cb5bcad8516ec89e7a0e251499de433f2c37c49b1d3d038bcb0,kokoro,kokoro-v1,echo-forge-listening-audio-v1,2026-08-25T06:58:59.213Z,2026-08-25T07:08:09.726Z,echo-forge-listening-audio-semantic-qa-v1,azure-speech-pronunciation-assessment-comprehensive-word-v1,80,30,86,99,100,100,100,100,30,0,0,0,ef-c1-listening-002,a1d65c38835a10c9a70bfaa5aa44315f553933a5bcaf503b53473f563aa897a3,99,scored,,983.7083333333333,47296
echo-forge-listening-audio-semantic-qa-v1,v1,automated_only,echo-forge-challenge-catalog-v1,2026.08.25.v2,en-US,0191870edd334cb5bcad8516ec89e7a0e251499de433f2c37c49b1d3d038bcb0,echo-forge-audio-manifest-v1,v1,2026.08.25.v2,en-US,0191870edd334cb5bcad8516ec89e7a0e251499de433f2c37c49b1d3d038bcb0,0191870edd334cb5bcad8516ec89e7a0e251499de433f2c37c49b1d3d038bcb0,kokoro,kokoro-v1,echo-forge-listening-audio-v1,2026-08-25T06:58:59.213Z,2026-08-25T07:08:09.726Z,echo-forge-listening-audio-semantic-qa-v1,azure-speech-pronunciation-assessment-comprehensive-word-v1,80,30,86,99,100,100,100,100,30,0,0,0,ef-c1-listening-003,dcd30e625001f7eafab8671068253962496e1aa0b1cf606daa0ac45db6308896,99,scored,,1012.0833333333333,48658
echo-forge-listening-audio-semantic-qa-v1,v1,automated_only,echo-forge-challenge-catalog-v1,2026.08.25.v2,en-US,0191870edd334cb5bcad8516ec89e7a0e251499de433f2c37c49b1d3d038bcb0,echo-forge-audio-manifest-v1,v1,2026.08.25.v2,en-US,0191870edd334cb5bcad8516ec89e7a0e251499de433f2c37c49b1d3d038bcb0,0191870edd334cb5bcad8516ec89e7a0e251499de433f2c37c49b1d3d038bcb0,kokoro,kokoro-v1,echo-forge-listening-audio-v1,2026-08-25T06:58:59.213Z,2026-08-25T07:08:09.726Z,echo-forge-listening-audio-semantic-qa-v1,azure-speech-pronunciation-assessment-comprehensive-word-v1,80,30,86,99,100,100,100,100,30,0,0,0,ef-c1-listening-004,9efbd626196ea594f8a0ce337872de327df77feba60c138928dc90a368d1d45d,100,scored,,1003.9166666666665,48266
echo-forge-listening-audio-semantic-qa-v1,v1,automated_only,echo-forge-challenge-catalog-v1,2026.08.25.v2,en-US,0191870edd334cb5bcad8516ec89e7a0e251499de433f2c37c49b1d3d038bcb0,echo-forge-audio-manifest-v1,v1,2026.08.25.v2,en-US,0191870edd334cb5bcad8516ec89e7a0e251499de433f2c37c49b1d3d038bcb0,0191870edd334cb5bcad8516ec89e7a0e251499de433f2c37c49b1d3d038bcb0,kokoro,kokoro-v1,echo-forge-listening-audio-v1,2026-08-25T06:58:59.213Z,2026-08-25T07:08:09.726Z,echo-forge-listening-audio-semantic-qa-v1,azure-speech-pronunciation-assessment-comprehensive-word-v1,80,30,86,99,100,100,100,100,30,0,0,0,ef-c1-listening-005,8013f8826726eb1bbd8997bec3f763fd9ac70fae8ecb3dd2ba2571c380964f7b,94,scored,,877.0833333333334,42178
echo-forge-listening-audio-semantic-qa-v1,v1,automated_only,echo-forge-challenge-catalog-v1,2026.08.25.v2,en-US,0191870edd334cb5bcad8516ec89e7a0e251499de433f2c37c49b1d3d038bcb0,echo-forge-audio-manifest-v1,v1,2026.08.25.v2,en-US,0191870edd334cb5bcad8516ec89e7a0e251499de433f2c37c49b1d3d038bcb0,0191870edd334cb5bcad8516ec89e7a0e251499de433f2c37c49b1d3d038bcb0,kokoro,kokoro-v1,echo-forge-listening-audio-v1,2026-08-25T06:58:59.213Z,2026-08-25T07:08:09.726Z,echo-forge-listening-audio-semantic-qa-v1,azure-speech-pronunciation-assessment-comprehensive-word-v1,80,30,86,99,100,100,100,100,30,0,0,0,ef-c1-listening-006,764d89751ff4a393c6c80748abebbbe4a186513483eff297f75d8b59cfc11dcb,98,scored,,942.8333333333333,45334
